axis,kind,start_index,end_index,start_time,end_time,duration_s,target_residual_A
axis_1,Alert,2380,2421,2022-10-18 12:00:13.004000+00:00,2022-10-18 12:01:30.740000+00:00,77.73599999999999,6.463031266034483
axis_1,Error,2437,2478,2022-10-18 12:02:01.076000+00:00,2022-10-18 12:03:18.812000+00:00,77.73599999999999,12.572427263722087
axis_1,Spike,2494,2494,2022-10-18 12:03:49.148000+00:00,2022-10-18 12:03:49.148000+00:00,0.0,12.572427263722087
axis_2,Alert,4522,4563,2022-10-18 13:07:54.236000+00:00,2022-10-18 13:09:11.972000+00:00,77.73599999999999,17.777603411212738
axis_2,Error,4579,4620,2022-10-18 13:09:42.308000+00:00,2022-10-18 13:11:00.044000+00:00,77.73599999999999,32.3712285946493
axis_2,Spike,4636,4636,2022-10-18 13:11:30.380000+00:00,2022-10-18 13:11:30.380000+00:00,0.0,32.3712285946493
axis_3,Alert,6664,6705,2022-10-18 14:15:35.468000+00:00,2022-10-18 14:16:53.204000+00:00,77.73599999999999,13.650156809835526
axis_3,Error,6721,6762,2022-10-18 14:17:23.540000+00:00,2022-10-18 14:18:41.276000+00:00,77.73599999999999,25.176587216599952
axis_3,Spike,6778,6778,2022-10-18 14:19:11.612000+00:00,2022-10-18 14:19:11.612000+00:00,0.0,25.176587216599952
axis_4,Alert,8807,8848,2022-10-18 15:23:18.596000+00:00,2022-10-18 15:24:36.332000+00:00,77.73599999999999,4.4863950939789055
axis_4,Error,8864,8905,2022-10-18 15:25:06.668000+00:00,2022-10-18 15:26:24.404000+00:00,77.73599999999999,8.9838439177845
axis_4,Spike,8921,8921,2022-10-18 15:26:54.740000+00:00,2022-10-18 15:26:54.740000+00:00,0.0,8.9838439177845
axis_5,Alert,10949,10990,2022-10-18 16:30:59.828000+00:00,2022-10-18 16:32:17.564000+00:00,77.73599999999999,5.7001693760166
axis_5,Error,11006,11047,2022-10-18 16:32:47.900000+00:00,2022-10-18 16:34:05.636000+00:00,77.73599999999999,9.92979189920714
axis_5,Spike,11063,11063,2022-10-18 16:34:35.972000+00:00,2022-10-18 16:34:35.972000+00:00,0.0,9.92979189920714
axis_6,Alert,13091,13132,2022-10-18 17:38:41.060000+00:00,2022-10-18 17:39:58.796000+00:00,77.73599999999999,4.925545499034641
axis_6,Error,13148,13189,2022-10-18 17:40:29.132000+00:00,2022-10-18 17:41:46.868000+00:00,77.73599999999999,10.263454851839839
axis_6,Spike,13205,13205,2022-10-18 17:42:17.204000+00:00,2022-10-18 17:42:17.204000+00:00,0.0,10.263454851839839
axis_7,Alert,15233,15274,2022-10-18 18:46:22.292000+00:00,2022-10-18 18:47:40.028000+00:00,77.73599999999999,6.563873951340273
axis_7,Error,15290,15331,2022-10-18 18:48:10.364000+00:00,2022-10-18 18:49:28.100000+00:00,77.73599999999999,8.575870043342372
axis_7,Spike,15347,15347,2022-10-18 18:49:58.436000+00:00,2022-10-18 18:49:58.436000+00:00,0.0,8.575870043342372
axis_8,Alert,17376,17417,2022-10-18 19:54:05.420000+00:00,2022-10-18 19:55:23.156000+00:00,77.73599999999999,1.5053500250148981
axis_8,Error,17433,17474,2022-10-18 19:55:53.492000+00:00,2022-10-18 19:57:11.228000+00:00,77.73599999999999,3.7032574603803132
axis_8,Spike,17490,17490,2022-10-18 19:57:41.564000+00:00,2022-10-18 19:57:41.564000+00:00,0.0,3.7032574603803132
