reading_time,axis_1_prediction_A,axis_2_prediction_A,axis_3_prediction_A,axis_4_prediction_A,axis_5_prediction_A,axis_6_prediction_A,axis_7_prediction_A,axis_8_prediction_A,axis_1_residual_A,axis_2_residual_A,axis_3_residual_A,axis_4_residual_A,axis_5_residual_A,axis_6_residual_A,axis_7_residual_A,axis_8_residual_A,new_notifications
2022-10-18 11:59:54.044000+00:00,1.3376261172769777,6.464429677598384,4.647009704909975,1.1671146642552968,1.6927801704671053,1.0691558715255214,1.6272392471735757,0.18938517017482276,-1.1030961172769778,6.556130322401616,2.1532002950900253,1.0783053357447034,-0.9185001704671053,-0.9142958715255214,5.873100752826424,-0.11090517017482276,0
2022-10-18 11:59:55.940000+00:00,1.337642827055868,6.464508383449113,4.6470616008531795,1.1671298892905537,1.6928002656051906,1.0691688780523092,1.6272602982041824,0.1893876112230671,-1.337642827055868,-6.464508383449113,-4.6470616008531795,-1.1671298892905537,-1.6928002656051906,-1.0691688780523092,-1.6272602982041824,-0.1893876112230671,0
2022-10-18 11:59:57.836000+00:00,1.3376595368347584,6.464587089299842,4.647113496796386,1.167145114325811,1.692820360743276,1.069181884579097,1.627281349234789,0.1893900522713115,-1.3376595368347584,-6.464587089299842,-4.647113496796386,-1.167145114325811,-1.692820360743276,-1.069181884579097,-1.627281349234789,-0.1893900522713115,0
2022-10-18 11:59:59.732000+00:00,1.3376762466136487,6.464665795150572,4.647165392739591,1.1671603393610679,1.6928404558813612,1.0691948911058846,1.6273024002653957,0.18939249331955588,-1.3376762466136487,-6.464665795150572,-4.647165392739591,-1.1671603393610679,-1.6928404558813612,-1.0691948911058846,-1.6273024002653957,-0.18939249331955588,0
2022-10-18 12:00:01.628000+00:00,1.337692956392539,6.464744501001302,4.647217288682796,1.1671755643963249,1.6928605510194465,1.0692078976326722,1.6273234512960024,0.18939493436780022,-1.337692956392539,-6.464744501001302,-4.647217288682796,-1.1671755643963249,-1.6928605510194465,-1.0692078976326722,-1.6273234512960024,-0.18939493436780022,0
2022-10-18 12:00:03.524000+00:00,1.3377096661714294,6.4648232068520315,4.647269184626003,1.167190789431582,1.6928806461575319,1.0692209041594603,1.627344502326609,0.18939737541604462,-1.3377096661714294,-6.4648232068520315,-4.647269184626003,-1.167190789431582,-1.6928806461575319,-1.0692209041594603,-1.627344502326609,-0.18939737541604462,0
2022-10-18 12:00:05.420000+00:00,1.3377263759503197,6.464901912702762,4.647321080569208,1.167206014466839,1.6929007412956172,1.0692339106862478,1.6273655533572156,0.189399816464289,-1.3377263759503197,-6.464901912702762,-4.647321080569208,-1.167206014466839,-1.6929007412956172,-1.0692339106862478,-1.6273655533572156,-0.189399816464289,0
2022-10-18 12:00:07.316000+00:00,1.3377430857292103,6.464980618553492,4.647372976512414,1.167221239502096,1.6929208364337027,1.0692469172130354,1.6273866043878225,0.18940225751253337,-1.3377430857292103,-6.464980618553492,-4.647372976512414,-1.167221239502096,-1.6929208364337027,-1.0692469172130354,-1.6273866043878225,-0.18940225751253337,0
2022-10-18 12:00:09.212000+00:00,1.3377597955081006,6.465059324404221,4.64742487245562,1.167236464537353,1.6929409315717878,1.0692599237398233,1.627407655418429,0.18940469856077774,-1.3377597955081006,-6.465059324404221,-4.64742487245562,-1.167236464537353,-0.8928509315717879,-0.3982199237398233,-1.5916376554184288,-0.09130469856077773,0
2022-10-18 12:00:11.108000+00:00,1.3377765052869912,6.465138030254951,4.647476768398825,1.16725168957261,1.6929610267098734,1.069272930266611,1.6274287064490356,0.1894071396090221,0.0,-6.465138030254951,-4.647476768398825,-1.16725168957261,-1.6929610267098734,-1.069272930266611,-1.6274287064490356,-0.1894071396090221,0
2022-10-18 12:00:13.004000+00:00,1.3377932150658816,6.465216736105681,4.647528664342031,1.167266914607867,1.6929811218479585,1.0692859367933987,1.627449757479642,0.18940958065726649,6.646071084538336,-6.465216736105681,-4.647528664342031,-1.167266914607867,-1.6929811218479585,-1.0692859367933987,-1.627449757479642,-0.18940958065726649,0
2022-10-18 12:00:14.900000+00:00,1.337809924844772,6.46529544195641,4.6475805602852365,1.167282139643124,1.693001216986044,1.0692989433201867,1.627470808510249,0.18941202170551086,6.5114401296479425,-6.46529544195641,-4.6475805602852365,-1.167282139643124,-1.693001216986044,-1.0692989433201867,-1.627470808510249,-0.18941202170551086,0
2022-10-18 12:00:16.796000+00:00,1.3378266346236622,6.4653741478071405,4.6476324562284415,1.1672973646783809,1.693021312124129,1.0693119498469743,1.6274918595408554,0.18941446275375523,6.32697069735738,-6.4653741478071405,-4.6476324562284415,-1.1672973646783809,-1.693021312124129,-1.0693119498469743,-1.6274918595408554,-0.18941446275375523,0
2022-10-18 12:00:18.692000+00:00,1.3378433444025526,6.465452853657871,4.647684352171648,1.167312589713638,1.6930414072622146,1.069324956373762,1.627512910571462,0.1894169038019996,6.710130445964937,-6.465452853657871,-4.647684352171648,-1.167312589713638,-1.6930414072622146,-1.069324956373762,-1.627512910571462,-0.1894169038019996,0
2022-10-18 12:00:20.588000+00:00,1.337860054181443,6.4655315595086,4.647736248114853,1.167327814748895,1.6930615024002997,1.0693379629005497,1.6275339616020688,0.18941934485024398,6.2416917916694015,-6.4655315595086,-4.647736248114853,-1.167327814748895,-1.6930615024002997,-1.0693379629005497,-1.6275339616020688,-0.18941934485024398,0
2022-10-18 12:00:22.484000+00:00,1.3378767639603333,6.465610265359329,4.647788144058058,1.167343039784152,1.693081597538385,1.0693509694273375,1.6275550126326754,0.18942178589848835,6.499764006460795,-6.465610265359329,-4.647788144058058,-1.167343039784152,-1.693081597538385,-1.0693509694273375,-1.6275550126326754,-0.18942178589848835,0
2022-10-18 12:00:24.380000+00:00,1.3378934737392238,6.46568897121006,4.647840040001265,1.1673582648194092,1.6931016926764704,1.0693639759541251,1.6275760636632821,0.18942422694673272,6.590170629367524,-6.46568897121006,-4.647840040001265,-1.1673582648194092,-1.6931016926764704,-1.0693639759541251,-1.6275760636632821,-0.18942422694673272,0
2022-10-18 12:00:26.276000+00:00,1.3379101835181142,6.465767677060789,4.64789193594447,1.1673734898546662,1.6931217878145557,1.069376982480913,1.6275971146938888,0.1894266679949771,6.209287258824763,-6.465767677060789,-4.64789193594447,-1.1673734898546662,-1.6931217878145557,-1.069376982480913,-1.6275971146938888,-0.1894266679949771,0
2022-10-18 12:00:28.172000+00:00,1.3379268932970048,6.465846382911519,4.647943831887676,1.1673887148899231,1.693141882952641,1.0693899890077008,1.6276181657244955,0.18942910904322147,6.51931665573997,-6.465846382911519,-4.647943831887676,-1.1673887148899231,-1.693141882952641,-1.0693899890077008,-1.6276181657244955,-0.18942910904322147,0
2022-10-18 12:00:30.068000+00:00,1.3379436030758949,6.4659250887622495,4.647995727830882,1.16740393992518,1.6931619780907263,1.0694029955344884,1.6276392167551021,0.18943155009146584,6.644733123735067,-6.4659250887622495,-4.647995727830882,-1.16740393992518,-1.6931619780907263,-1.0694029955344884,-1.6276392167551021,-0.18943155009146584,0
2022-10-18 12:00:31.964000+00:00,1.3379603128547854,6.466003794612979,4.648047623774087,1.167419164960437,1.6931820732288116,1.0694160020612762,1.6276602677857088,0.1894339911397102,6.214279167186733,-6.466003794612979,-4.648047623774087,-1.167419164960437,-1.6931820732288116,-1.0694160020612762,-1.6276602677857088,-0.1894339911397102,0
2022-10-18 12:00:33.860000+00:00,1.3379770226336758,6.466082500463709,4.6480995197172925,1.167434389995694,1.693202168366897,1.069429008588064,1.6276813188163153,0.18943643218795458,6.470073247783707,-6.466082500463709,-4.6480995197172925,-1.167434389995694,-1.693202168366897,-1.069429008588064,-1.6276813188163153,-0.18943643218795458,1
2022-10-18 12:00:35.756000+00:00,1.3379937324125661,6.466161206314439,4.648151415660498,1.1674496150309512,1.6932222635049823,1.0694420151148516,1.6277023698469222,0.18943887323619898,6.324156810630654,-6.466161206314439,-4.648151415660498,-1.1674496150309512,-1.6932222635049823,-1.0694420151148516,-1.6277023698469222,-0.18943887323619898,0
2022-10-18 12:00:37.652000+00:00,1.3380104421914565,6.466239912165168,4.648203311603703,1.1674648400662082,1.6932423586430676,1.0694550216416394,1.6277234208775286,0.18944131428444333,6.556743078651949,-6.466239912165168,-4.648203311603703,-1.1674648400662082,-1.6932423586430676,-1.0694550216416394,-1.6277234208775286,-0.18944131428444333,0
2022-10-18 12:00:39.548000+00:00,1.3380271519703468,6.466318618015898,4.64825520754691,1.1674800651014654,1.693262453781153,1.0694680281684272,1.6277444719081353,0.18944375533268773,6.243699945376282,-6.466318618015898,-4.64825520754691,-1.1674800651014654,-1.693262453781153,-1.0694680281684272,-1.6277444719081353,-0.18944375533268773,0
2022-10-18 12:00:41.444000+00:00,1.3380438617492372,6.466397323866628,4.648307103490115,1.1674952901367224,1.6932825489192382,1.0694810346952148,1.6277655229387418,0.18944619638093207,6.714416993522469,-6.466397323866628,-4.648307103490115,-1.1674952901367224,-1.6932825489192382,-1.0694810346952148,-1.6277655229387418,-0.18944619638093207,0
2022-10-18 12:00:43.340000+00:00,1.3380605715281275,6.466476029717358,4.64835899943332,1.1675105151719791,1.6933026440573236,1.0694940412220024,1.6277865739693484,0.18944863742917645,6.690073496561964,-6.466476029717358,-4.64835899943332,-1.1675105151719791,-1.6933026440573236,-1.0694940412220024,-1.6277865739693484,-0.18944863742917645,0
2022-10-18 12:00:45.236000+00:00,1.338077281307018,6.466554735568088,4.648410895376527,1.1675257402072363,1.693322739195409,1.0695070477487905,1.6278076249999551,0.18945107847742085,6.2824082469351685,-6.466554735568088,-4.648410895376527,-1.1675257402072363,-1.693322739195409,-1.0695070477487905,-1.6278076249999551,-0.18945107847742085,0
2022-10-18 12:00:47.132000+00:00,1.3380939910859084,6.466633441418818,4.648462791319732,1.1675409652424933,1.6933428343334942,1.069520054275578,1.6278286760305618,0.1894535195256652,6.361376332282949,-6.466633441418818,-4.648462791319732,-1.1675409652424933,-1.6933428343334942,-1.069520054275578,-1.6278286760305618,-0.1894535195256652,0
2022-10-18 12:00:49.028000+00:00,1.338110700864799,6.466712147269547,4.648514687262938,1.1675561902777503,1.6933629294715797,1.0695330608023659,1.6278497270611685,0.1894559605739096,6.513437649152252,-6.466712147269547,-4.648514687262938,-1.1675561902777503,-1.6933629294715797,-1.0695330608023659,-1.6278497270611685,-0.1894559605739096,0
2022-10-18 12:00:50.924000+00:00,1.3381274106436893,6.466790853120276,4.648566583206144,1.1675714153130072,1.6933830246096648,1.0695460673291535,1.6278707780917752,0.18945840162215397,6.58845760098191,-6.466790853120276,-4.648566583206144,-1.1675714153130072,-1.6933830246096648,-1.0695460673291535,-1.6278707780917752,-0.18945840162215397,0
2022-10-18 12:00:52.820000+00:00,1.3381441204225797,6.466869558971007,4.648618479149349,1.1675866403482642,1.6934031197477504,1.0695590738559413,1.6278918291223818,0.18946084267039834,6.43004782670817,-6.466869558971007,-4.648618479149349,-1.1675866403482642,-1.6934031197477504,-1.0695590738559413,-1.6278918291223818,-0.18946084267039834,0
2022-10-18 12:00:54.716000+00:00,1.33816083020147,6.4669482648217365,4.648670375092554,1.1676018653835212,1.6934232148858355,1.0695720803827289,1.6279128801529885,0.1894632837186427,6.265334953863126,-6.4669482648217365,-4.648670375092554,-1.1676018653835212,-1.6934232148858355,-1.0695720803827289,-1.6279128801529885,-0.1894632837186427,0
2022-10-18 12:00:56.612000+00:00,1.3381775399803604,6.467026970672467,4.64872227103576,1.1676170904187784,1.693443310023921,1.069585086909517,1.6279339311835952,0.1894657247668871,6.235344870973993,-6.467026970672467,-4.64872227103576,-1.1676170904187784,-1.693443310023921,-1.069585086909517,-1.6279339311835952,-0.1894657247668871,0
2022-10-18 12:00:58.508000+00:00,1.3381942497592507,6.467105676523197,4.648774166978965,1.1676323154540353,1.693463405162006,1.0695980934363045,1.6279549822142017,0.18946816581513146,6.7504891347817555,-6.467105676523197,-4.648774166978965,-1.1676323154540353,-1.693463405162006,-1.0695980934363045,-1.6279549822142017,-0.18946816581513146,0
2022-10-18 12:01:00.404000+00:00,1.3382109595381413,6.467184382373926,4.648826062922172,1.1676475404892925,1.6934835003000916,1.0696110999630923,1.6279760332448086,0.18947060686337586,6.43735044532534,-6.467184382373926,-4.648826062922172,-1.1676475404892925,-1.6934835003000916,-1.0696110999630923,-1.6279760332448086,-0.18947060686337586,0
2022-10-18 12:01:02.300000+00:00,1.3382276693170316,6.467263088224656,4.648877958865377,1.1676627655245495,1.6935035954381767,1.06962410648988,1.627997084275415,0.18947304791162023,6.677306196168894,-6.467263088224656,-4.648877958865377,-1.1676627655245495,-1.6935035954381767,-1.06962410648988,-1.627997084275415,-0.18947304791162023,0
2022-10-18 12:01:04.196000+00:00,1.3382443790959218,6.467341794075385,4.648929854808582,1.1676779905598065,1.693523690576262,1.0696371130166678,1.6280181353060215,0.18947548895986457,6.45289419614603,-6.467341794075385,-4.648929854808582,-1.1676779905598065,-1.693523690576262,-1.0696371130166678,-1.6280181353060215,-0.18947548895986457,0
2022-10-18 12:01:06.092000+00:00,1.3382610888748123,6.467420499926115,4.648981750751789,1.1676932155950634,1.6935437857143474,1.0696501195434553,1.6280391863366281,0.18947793000810897,6.7059653346018955,-6.467420499926115,-4.648981750751789,-1.1676932155950634,-1.6935437857143474,-1.0696501195434553,-1.6280391863366281,-0.18947793000810897,0
2022-10-18 12:01:07.988000+00:00,1.3382777986537027,6.467499205776845,4.649033646694994,1.1677084406303204,1.6935638808524327,1.0696631260702432,1.6280602373672348,0.18948037105635335,6.225916363325933,-6.467499205776845,-4.649033646694994,-1.1677084406303204,-1.6935638808524327,-1.0696631260702432,-1.6280602373672348,-0.18948037105635335,0
2022-10-18 12:01:09.884000+00:00,1.3382945084325932,6.467577911627576,4.6490855426382,1.1677236656655774,1.693583975990518,1.069676132597031,1.6280812883978415,0.18948281210459772,6.241020629359744,-6.467577911627576,-4.6490855426382,-1.1677236656655774,-1.693583975990518,-1.069676132597031,-1.6280812883978415,-0.18948281210459772,0
2022-10-18 12:01:11.780000+00:00,1.3383112182114836,6.467656617478305,4.6491374385814055,1.1677388907008344,1.6936040711286033,1.0696891391238186,1.6281023394284482,0.1894852531528421,6.710149551169975,-6.467656617478305,-4.6491374385814055,-1.1677388907008344,-1.6936040711286033,-1.0696891391238186,-1.6281023394284482,-0.1894852531528421,0
2022-10-18 12:01:13.676000+00:00,1.338327927990374,6.467735323329035,4.6491893345246105,1.1677541157360913,1.6936241662666887,1.0697021456506064,1.6281233904590549,0.18948769420108647,6.720422860661721,-6.467735323329035,-4.6491893345246105,-1.1677541157360913,-1.6936241662666887,-1.0697021456506064,-1.6281233904590549,-0.18948769420108647,0
2022-10-18 12:01:15.572000+00:00,1.3383446377692643,6.467814029179765,4.649241230467816,1.1677693407713483,1.693644261404774,1.0697151521773942,1.6281444414896615,0.18949013524933084,6.356459393730362,-6.467814029179765,-4.649241230467816,-1.1677693407713483,-1.693644261404774,-1.0697151521773942,-1.6281444414896615,-0.18949013524933084,0
2022-10-18 12:01:17.468000+00:00,1.3383613475481546,6.467892735030494,4.649293126411022,1.1677845658066055,1.6936643565428593,1.0697281587041818,1.6281654925202682,0.1894925762975752,6.379724182030681,-6.467892735030494,-4.649293126411022,-1.1677845658066055,-1.6936643565428593,-1.0697281587041818,-1.6281654925202682,-0.1894925762975752,0
2022-10-18 12:01:19.364000+00:00,1.338378057327045,6.467971440881223,4.649345022354227,1.1677997908418625,1.6936844516809446,1.0697411652309696,1.6281865435508749,0.18949501734581958,6.435681321682147,-6.467971440881223,-4.649345022354227,-1.1677997908418625,-1.6936844516809446,-1.0697411652309696,-1.6281865435508749,-0.18949501734581958,0
2022-10-18 12:01:21.260000+00:00,1.3383947671059355,6.468050146731954,4.649396918297434,1.1678150158771197,1.69370454681903,1.0697541717577574,1.6282075945814816,0.18949745839406396,6.414808664371057,-6.468050146731954,-4.649396918297434,-1.1678150158771197,-1.69370454681903,-1.0697541717577574,-1.6282075945814816,-0.18949745839406396,0
2022-10-18 12:01:23.156000+00:00,1.3384114768848259,6.468128852582684,4.649448814240639,1.1678302409123766,1.6937246419571155,1.069767178284545,1.628228645612088,0.18949989944230833,6.284749710578095,-6.468128852582684,-4.649448814240639,-1.1678302409123766,-1.6937246419571155,-1.069767178284545,-1.628228645612088,-0.18949989944230833,0
2022-10-18 12:01:25.052000+00:00,1.3384281866637164,6.468207558433414,4.649500710183845,1.1678454659476336,1.6937447370952006,1.0697801848113329,1.628249696642695,0.1895023404905527,6.6921710850055955,-6.468207558433414,-4.649500710183845,-1.1678454659476336,-1.6937447370952006,-1.0697801848113329,-1.628249696642695,-0.1895023404905527,0
2022-10-18 12:01:26.948000+00:00,1.3384448964426068,6.468286264284144,4.649552606127051,1.1678606909828906,1.693764832233286,1.0697931913381207,1.6282707476733014,0.18950478153879707,6.321137328821585,4.180103735715855,-3.7534026061270507,-0.4193906909828906,2.487355167766714,0.5045768086618794,-1.4494107476733014,-0.09140478153879707,0
2022-10-18 12:01:28.844000+00:00,1.3384616062214971,6.468364970134873,4.649604502070256,1.1678759160181476,1.6937849273713712,1.0698061978649083,1.6282917987039078,0.18950722258704145,6.58110101794122,5.445185029865128,1.9924654979297447,1.2065840839818525,-0.01617492737137116,-0.2439061978649083,-1.0678517987039078,-0.11102722258704145,0
2022-10-18 12:01:30.740000+00:00,1.3384783160003875,6.468443675985603,4.6496563980134615,1.1678911410534045,1.6938050225094567,1.069819204391696,1.6283128497345145,0.18950966363528582,6.214065407085791,-6.046723675985604,1.4125436019865383,2.4712388589465957,3.7261649774905434,-0.9149592043916961,-1.3540528497345146,0.3990903363647142,0
2022-10-18 12:01:32.636000+00:00,1.3384950257792778,6.468522381836333,4.649708293956667,1.1679063660886615,1.6938251176475418,1.069832210918484,1.6283339007651212,0.1895121046835302,0.0,-2.3040523818363337,2.2032217060433323,-0.34200636608866153,-0.8679251176475419,-0.19231221091848394,-0.9128839007651212,-0.012932104683530204,0
2022-10-18 12:01:34.532000+00:00,1.3385117355581682,6.4686010876870625,4.649760189899872,1.1679215911239187,1.6938452127856274,1.0698452174452715,1.6283549517957279,0.18951454573177456,-1.3385117355581682,-6.4686010876870625,-4.649760189899872,-1.1679215911239187,-1.6938452127856274,-1.0698452174452715,-1.6283549517957279,-0.18951454573177456,0
2022-10-18 12:01:36.428000+00:00,1.3385284453370585,6.468679793537792,4.649812085843078,1.1679368161591754,1.6938653079237125,1.069858223972059,1.6283760028263345,0.18951698678001894,-1.3385284453370585,-6.468679793537792,-4.649812085843078,-1.1679368161591754,-1.6938653079237125,-1.069858223972059,-1.6283760028263345,-0.18951698678001894,0
2022-10-18 12:01:38.324000+00:00,1.338545155115949,6.468758499388523,4.649863981786284,1.1679520411944326,1.693885403061798,1.0698712304988471,1.6283970538569412,0.1895194278282633,-1.338545155115949,-6.468758499388523,-4.649863981786284,-1.1679520411944326,-1.693885403061798,-1.0698712304988471,-1.6283970538569412,-0.1895194278282633,0
2022-10-18 12:01:40.220000+00:00,1.3385618648948392,6.468837205239252,4.649915877729489,1.1679672662296896,1.6939054981998831,1.0698842370256347,1.628418104887548,0.18952186887650768,-1.3385618648948392,-6.468837205239252,-4.649915877729489,-1.1679672662296896,-1.6939054981998831,-1.0698842370256347,-1.628418104887548,-0.18952186887650768,0
2022-10-18 12:01:42.116000+00:00,1.3385785746737298,6.468915911089982,4.649967773672696,1.1679824912649468,1.6939255933379687,1.0698972435524225,1.6284391559181546,0.18952430992475208,-1.3385785746737298,-6.468915911089982,-4.649967773672696,-1.1679824912649468,-1.6939255933379687,-1.0698972435524225,-1.6284391559181546,-0.18952430992475208,0
2022-10-18 12:01:44.012000+00:00,1.33859528445262,6.468994616940712,4.650019669615901,1.1679977163002038,1.6939456884760538,1.0699102500792104,1.6284602069487613,0.18952675097299643,-1.33859528445262,-6.468994616940712,-4.650019669615901,-0.8582877163002038,-0.9196656884760538,-0.45048025007921033,-1.6165402069487613,-0.09142675097299642,0
2022-10-18 12:01:45.908000+00:00,1.3386119942315107,6.469073322791441,4.650071565559107,1.1680129413354607,1.6939657836141393,1.069923256605998,1.628481257979368,0.18952919202124083,-0.061731994231510656,-4.0441933227914415,6.209178434440893,-0.3937329413354608,6.487614216385861,0.24635674339400193,-1.5211612579793679,-0.11104919202124083,0
2022-10-18 12:01:47.804000+00:00,1.338628704010401,6.4691520286421715,4.650123461502313,1.1680281663707177,1.6939858787522244,1.0699362631327856,1.6285023090099744,0.1895316330694852,2.101141295989599,5.655257971357828,7.421566538497688,4.1487118336292825,-0.1970358787522244,0.7883437368672144,-1.3661723090099744,-0.1110516330694852,0
2022-10-18 12:01:49.700000+00:00,1.3386454137892914,6.469230734492901,4.650175357445518,1.1680433914059747,1.6940059738903097,1.0699492696595734,1.6285233600405808,0.18953407411772955,-0.29629541378929125,0.805409265507099,2.1500346425544823,1.7226066085940253,1.9967340261096902,-0.8634692696595734,6.396486639959419,-0.11105407411772955,0
2022-10-18 12:01:51.596000+00:00,1.3386621235681817,6.469309440343631,4.6502272533887234,1.1680586164412317,1.694026069028395,1.0699622761863612,1.6285444110711877,0.18953651516597395,-1.2604821235681818,4.75895055965637,-0.9601872533887232,0.09660138355876824,2.951663930971605,-0.5021522761863612,-1.5093044110711877,-0.09143651516597394,0
2022-10-18 12:01:53.492000+00:00,1.338678833347072,6.46938814619436,4.650279149331929,1.1680738414764886,1.6940461641664804,1.0699752827131488,1.6285654621017942,0.1895389562142183,-1.2604988333470721,4.70615185380564,-3.2796891493319293,1.8000061585235114,4.861543835833519,1.6142047172868512,-1.4616254621017941,-0.09143895621421828,0
2022-10-18 12:01:55.388000+00:00,1.3386955431259624,6.469466852045091,4.650331045275134,1.1680890665117458,1.6940662593045657,1.0699882892399368,1.6285865131324009,0.1895413972624627,1.1368944568740376,-5.784176852045091,6.367068954724866,-0.7551390665117459,1.4546837406954345,11.576611710760062,-1.330476513132401,-0.1110613972624627,0
2022-10-18 12:01:57.284000+00:00,1.3387122529048527,6.46954555789582,4.65038294121834,1.1681042915470028,1.6940863544426512,1.0700012957667244,1.6286075641630076,0.18954383831070706,-1.3387122529048527,-6.46954555789582,-4.65038294121834,-1.1681042915470028,-1.6940863544426512,-1.0700012957667244,-1.6286075641630076,-0.18954383831070706,0
2022-10-18 12:01:59.180000+00:00,1.3387289626837433,6.46962426374655,4.650434837161546,1.16811951658226,1.6941064495807363,1.070014302293512,1.6286286151936142,0.18954627935895146,0.0,-6.46962426374655,-4.650434837161546,-1.16811951658226,-1.6941064495807363,-1.070014302293512,-1.6286286151936142,-0.18954627935895146,0
2022-10-18 12:02:01.076000+00:00,1.3387456724626337,6.4697029695972805,4.650486733104751,1.1681347416175167,1.6941265447188218,1.0700273088202998,1.628649666224221,0.1895487204071958,12.307123631381375,-6.4697029695972805,-4.650486733104751,-1.1681347416175167,-1.6941265447188218,-1.0700273088202998,-1.628649666224221,-0.1895487204071958,0
2022-10-18 12:02:02.972000+00:00,1.3387623822415242,6.46978167544801,4.650538629047958,1.168149966652774,1.694146639856907,1.0700403153470877,1.6286707172548276,0.1895511614554402,12.660850831233427,-6.46978167544801,-4.650538629047958,-1.168149966652774,-1.694146639856907,-1.0700403153470877,-1.6286707172548276,-0.1895511614554402,0
2022-10-18 12:02:04.868000+00:00,1.3387790920204146,6.469860381298739,4.650590524991163,1.168165191688031,1.6941667349949925,1.0700533218738753,1.6286917682854343,0.18955360250368458,12.479831489133526,-6.469860381298739,-4.650590524991163,-1.168165191688031,-1.6941667349949925,-1.0700533218738753,-1.6286917682854343,-0.18955360250368458,0
2022-10-18 12:02:06.764000+00:00,1.338795801799305,6.46993908714947,4.650642420934369,1.1681804167232879,1.6941868301330778,1.070066328400663,1.628712819316041,0.18955604355192895,12.661845281354022,-6.46993908714947,-4.650642420934369,-1.1681804167232879,-1.6941868301330778,-1.070066328400663,-1.628712819316041,-0.18955604355192895,0
2022-10-18 12:02:08.660000+00:00,1.3388125115781953,6.470017793000199,4.6506943168775745,1.1681956417585448,1.6942069252711631,1.0700793349274509,1.6287338703466476,0.18955848460017333,12.338914069906629,-5.204857793000199,0.4099256831224256,0.12227435824145516,-1.3328769252711632,-0.657129334927451,-1.6048838703466477,-0.07183848460017332,0
2022-10-18 12:02:10.556000+00:00,1.3388292213570856,6.470096498850928,4.6507462128207795,1.1682108667938018,1.6942270204092482,1.0700923414542385,1.628754921377254,0.18956092564841767,12.831175338812772,9.449773501149071,12.903283787179221,-0.5487808667938018,3.157942979590752,3.2658876585457617,-1.1637149213772542,-0.09146092564841767,0
2022-10-18 12:02:12.452000+00:00,1.338845931135976,6.470175204701659,4.650798108763985,1.1682260918290588,1.6942471155473338,1.0701053479810263,1.628775972407861,0.18956336669666207,12.715369228138874,-6.470175204701659,-4.650798108763985,-1.1682260918290588,-1.6942471155473338,-1.0701053479810263,-1.628775972407861,-0.18956336669666207,0
2022-10-18 12:02:14.348000+00:00,1.3388626409148663,6.470253910552389,4.650850004707191,1.1682413168643158,1.6942672106854189,1.0701183545078141,1.6287970234384674,0.18956580774490644,12.788850790717452,-6.470253910552389,-4.650850004707191,-1.1682413168643158,-1.6942672106854189,-1.0701183545078141,-1.6287970234384674,-0.18956580774490644,0
2022-10-18 12:02:16.244000+00:00,1.3388793506937566,6.470332616403119,4.650901900650397,1.168256541899573,1.6942873058235044,1.0701313610346017,1.6288180744690741,0.18956824879315082,12.363330329536048,-6.470332616403119,-4.650901900650397,-1.168256541899573,-1.6942873058235044,-1.0701313610346017,-1.6288180744690741,-0.18956824879315082,0
2022-10-18 12:02:18.140000+00:00,1.338896060472647,6.470411322253848,4.650953796593603,1.16827176693483,1.6943074009615895,1.0701443675613893,1.6288391254996806,0.1895706898413952,12.468986427030984,-6.470411322253848,-4.650953796593603,-1.16827176693483,-1.6943074009615895,-1.0701443675613893,-1.6288391254996806,-0.1895706898413952,0
2022-10-18 12:02:20.036000+00:00,1.3389127702515375,6.470490028104578,4.651005692536808,1.1682869919700871,1.694327496099675,1.0701573740881773,1.6288601765302875,0.18957313088963956,12.49670071133842,-6.470490028104578,-4.651005692536808,-1.1682869919700871,-1.694327496099675,-1.0701573740881773,-1.6288601765302875,-0.18957313088963956,0
2022-10-18 12:02:21.932000+00:00,1.3389294800304279,6.470568733955307,4.651057588480014,1.168302217005344,1.6943475912377601,1.070170380614965,1.628881227560894,0.18957557193788394,12.593808438994657,-6.470568733955307,-4.651057588480014,-1.168302217005344,-1.6943475912377601,-1.070170380614965,-1.628881227560894,-0.18957557193788394,2
2022-10-18 12:02:23.828000+00:00,1.3389461898093185,6.470647439806038,4.65110948442322,1.168317442040601,1.6943676863758457,1.0701833871417528,1.6289022785915006,0.1895780129861283,12.45558892396854,-6.470647439806038,-4.65110948442322,-1.168317442040601,-1.6943676863758457,-1.0701833871417528,-1.6289022785915006,-0.1895780129861283,0
2022-10-18 12:02:25.724000+00:00,1.3389628995882088,6.4707261456567675,4.651161380366425,1.168332667075858,1.6943877815139308,1.0701963936685406,1.6289233296221073,0.18958045403437268,12.31970835523774,-6.4707261456567675,-4.651161380366425,-1.168332667075858,-1.6943877815139308,-1.0701963936685406,-1.6289233296221073,-0.18958045403437268,0
2022-10-18 12:02:27.620000+00:00,1.3389796093670991,6.470804851507498,4.651213276309631,1.168347892111115,1.6944078766520163,1.0702094001953282,1.628944380652714,0.18958289508261705,12.497007985040986,-6.470804851507498,-4.651213276309631,-1.168347892111115,-1.6944078766520163,-1.0702094001953282,-1.628944380652714,-0.18958289508261705,0
2022-10-18 12:02:29.516000+00:00,1.3389963191459895,6.470883557358228,4.651265172252836,1.168363117146372,1.6944279717901014,1.0702224067221158,1.6289654316833206,0.18958533613086143,12.4312475425845,-6.470883557358228,-4.651265172252836,-1.168363117146372,-1.6944279717901014,-1.0702224067221158,-1.6289654316833206,-0.18958533613086143,0
2022-10-18 12:02:31.412000+00:00,1.3390130289248798,6.470962263208957,4.651317068196041,1.168378342181629,1.6944480669281867,1.0702354132489036,1.6289864827139273,0.1895877771791058,12.506810823358505,-6.470962263208957,-4.651317068196041,-1.168378342181629,-1.6944480669281867,-1.0702354132489036,-1.6289864827139273,-0.1895877771791058,0
2022-10-18 12:02:33.308000+00:00,1.3390297387037702,6.471040969059686,4.651368964139248,1.168393567216886,1.694468162066272,1.0702484197756914,1.629007533744534,0.18959021822735017,12.39812272999734,-6.471040969059686,-4.651368964139248,-1.168393567216886,-1.694468162066272,-1.0702484197756914,-1.629007533744534,-0.18959021822735017,0
2022-10-18 12:02:35.204000+00:00,1.3390464484826605,6.471119674910416,4.651420860082453,1.168408792252143,1.6944882572043576,1.070261426302479,1.6290285847751405,0.18959265927559454,12.43547346630346,1.9105403250895838,3.4666591399175477,0.018821207747857116,-0.4814482572043577,2.078488573697521,-1.3786185847751404,-0.09149265927559454,0
2022-10-18 12:02:37.100000+00:00,1.339063158261551,6.471198380761146,4.651472756025659,1.1684240172874,1.6945083523424427,1.070274432829267,1.6290496358057474,0.18959510032383892,12.645448432894115,17.830331619238855,-2.121162756025659,6.1356359827126,6.770971647657557,-0.2959944328292671,-1.1282296358057473,-0.11111510032383892,0
2022-10-18 12:02:38.996000+00:00,1.3390798680404414,6.471277086611876,4.651524651968865,1.168439242322657,1.6945284474805282,1.0702874393560546,1.6290706868363538,0.1895975413720833,12.508094950204203,4.967832913388124,-1.0669146519688648,-0.8071092423226571,3.2866815525194717,0.9428425606439452,-0.9374606868363539,-0.1111175413720833,0
2022-10-18 12:02:40.892000+00:00,1.339096577819332,6.471355792462607,4.65157654791207,1.1684544673579143,1.6945485426186133,1.0703004458828422,1.6290917378669605,0.18959998242032766,12.483494004471154,0.6451442075373937,1.7269134520879303,0.4833455326420857,2.047811457381387,-0.29602044588284226,6.431688262133039,-0.11111998242032767,0
2022-10-18 12:02:42.788000+00:00,1.3391132875982223,6.471434498313336,4.651628443855276,1.1684696923931712,1.6945686377566989,1.07031345240963,1.629112788897567,0.18960242346857203,12.591929298379148,-6.471434498313336,-4.651628443855276,-1.1684696923931712,-1.6945686377566989,-1.07031345240963,-1.629112788897567,-0.18960242346857203,0
2022-10-18 12:02:44.684000+00:00,1.3391299973771127,6.471513204164066,4.651680339798482,1.1684849174284282,1.6945887328947842,1.0703264589364179,1.6291338399281738,0.18960486451681643,12.728797555727493,-6.471513204164066,-4.651680339798482,-1.1684849174284282,-1.6945887328947842,-1.0703264589364179,-1.6291338399281738,-0.18960486451681643,0
2022-10-18 12:02:46.580000+00:00,1.339146707156003,6.471591910014795,4.651732235741687,1.1685001424636852,1.6946088280328695,1.0703394654632055,1.6291548909587803,0.18960730556506078,12.502753845953247,-6.471591910014795,-4.651732235741687,-1.1685001424636852,-1.6946088280328695,-1.0703394654632055,-1.6291548909587803,-0.18960730556506078,0
2022-10-18 12:02:48.476000+00:00,1.3391634169348934,6.471670615865525,4.651784131684893,1.1685153674989421,1.6946289231709548,1.0703524719899935,1.629175941989387,0.18960974661330518,12.622767223190419,-6.471670615865525,-4.651784131684893,-1.1685153674989421,-1.6946289231709548,-1.0703524719899935,-1.629175941989387,-0.18960974661330518,0
2022-10-18 12:02:50.372000+00:00,1.3391801267137837,6.4717493217162545,4.651836027628098,1.168530592534199,1.6946490183090401,1.070365478516781,1.6291969930199937,0.18961218766154952,12.840580341164689,-3.7832893217162544,-0.5927960276280979,-0.9878605925341991,-0.7913190183090402,-0.34770547851678113,2.6993030069800064,-0.16999218766154953,0
2022-10-18 12:02:52.268000+00:00,1.339196836492674,6.471828027566985,4.651887923571303,1.168545817569456,1.6946691134471252,1.0703784850435687,1.6292180440506003,0.1896146287097939,12.585069910765615,8.604611972433016,-2.4905779235713035,6.729134182430544,5.970720886552876,2.4913215149564314,-1.1164780440506004,-0.1111346287097939,0
2022-10-18 12:02:54.164000+00:00,1.3392135462715644,6.471906733417715,4.65193981951451,1.168561042604713,1.6946892085852108,1.0703914915703565,1.629239095081207,0.1896170697580383,12.8081369643805,5.178063266582285,-1.0146198195145102,-0.8588510426047131,3.4155707914147895,-0.7090614915703566,-1.188039095081207,-0.07189706975803829,0
2022-10-18 12:02:56.060000+00:00,1.3392302560504548,6.471985439268444,4.651991715457715,1.16857626763997,1.6947093037232959,1.0704044980971443,1.6292601461118137,0.18961951080628264,12.741343553914177,-1.7803654392684436,-3.228691715457715,1.0510337323600298,2.099270696276704,-0.27031449809714436,6.443439853888186,-0.05227951080628265,0
2022-10-18 12:02:57.956000+00:00,1.3392469658293453,6.472064145119175,4.652043611400921,1.1685914926752272,1.6947293988613814,1.070417504623932,1.6292811971424204,0.18962195185452704,12.318608565382517,-6.472064145119175,-4.652043611400921,-1.1685914926752272,-1.6947293988613814,-1.070417504623932,-1.6292811971424204,-0.18962195185452704,0
2022-10-18 12:02:59.852000+00:00,1.3392636756082357,6.472142850969904,4.652095507344127,1.1686067177104842,1.6947494939994665,1.0704305111507197,1.6293022481730268,0.18962439290277142,12.53164594938552,-6.472142850969904,-4.652095507344127,-1.1686067177104842,-1.6947494939994665,-1.0704305111507197,-1.6293022481730268,-0.18962439290277142,0
2022-10-18 12:03:01.748000+00:00,1.3392803853871262,6.472221556820634,4.652147403287332,1.1686219427457414,1.694769589137552,1.0704435176775076,1.6293232992036337,0.18962683395101582,12.686497173434589,-6.472221556820634,-4.652147403287332,-1.1686219427457414,-1.694769589137552,-1.0704435176775076,-1.6293232992036337,-0.18962683395101582,0
2022-10-18 12:03:03.644000+00:00,1.3392970951660166,6.4723002626713635,4.652199299230538,1.1686371677809984,1.6947896842756371,1.0704565242042952,1.6293443502342402,0.18962927499926016,12.852376989547608,-6.4723002626713635,-4.652199299230538,-1.1686371677809984,-1.6947896842756371,-1.0704565242042952,-1.6293443502342402,-0.18962927499926016,0
2022-10-18 12:03:05.540000+00:00,1.339313804944907,6.472378968522094,4.6522511951737435,1.1686523928162553,1.6948097794137227,1.070469530731083,1.6293654012648469,0.18963171604750456,12.54848590215039,-6.472378968522094,-4.6522511951737435,-1.1686523928162553,-1.6948097794137227,-1.070469530731083,-1.6293654012648469,-0.18963171604750456,0
2022-10-18 12:03:07.436000+00:00,1.3393305147237973,6.472457674372823,4.6523030911169485,1.1686676178515123,1.6948298745518078,1.0704825372578708,1.6293864522954533,0.1896341570957489,12.338203285319842,-6.472457674372823,-4.6523030911169485,-1.1686676178515123,-1.6948298745518078,-1.0704825372578708,-1.6293864522954533,-0.1896341570957489,0
2022-10-18 12:03:09.332000+00:00,1.3393472245026876,6.472536380223554,4.652354987060155,1.1686828428867693,1.6948499696898933,1.0704955437846584,1.6294075033260602,0.1896365981439933,12.608094053491449,-3.415076380223554,-0.1715949870601552,-1.0138228428867693,-1.1012299696898933,-0.47687554378465835,-1.5220875033260601,-0.0915365981439933,0
2022-10-18 12:03:11.228000+00:00,1.339363934281578,6.472615086074283,4.65240688300336,1.1686980679220262,1.6948700648279784,1.0705085503114462,1.6294285543566667,0.18963903919223768,12.357632101872941,23.258544913925718,13.586913116996639,-0.7299380679220262,4.628429935172021,3.3687114496885533,-1.1166885543566667,-0.09153903919223767,0
2022-10-18 12:03:13.124000+00:00,1.3393806440604685,6.472693791925013,4.652458778946566,1.1687132929572834,1.694890159966064,1.070521556838234,1.6294496053872733,0.18964148024048205,12.717097714843346,-6.472693791925013,-4.652458778946566,-1.1687132929572834,-1.694890159966064,-1.070521556838234,-1.6294496053872733,-0.18964148024048205,0
2022-10-18 12:03:15.020000+00:00,1.3393973538393589,6.472772497775743,4.652510674889772,1.1687285179925404,1.694910255104149,1.0705345633650216,1.62947065641788,0.18964392128872642,12.576842962782703,-6.472772497775743,-4.652510674889772,-1.1687285179925404,-1.694910255104149,-1.0705345633650216,-1.62947065641788,-0.18964392128872642,0
2022-10-18 12:03:16.916000+00:00,1.3394140636182492,6.4728512036264725,4.652562570832977,1.1687437430277974,1.6949303502422346,1.0705475698918092,1.6294917074484867,0.1896463623369708,12.700941788882183,2.699528796373528,-3.809122570832977,0.37981625697220256,3.337899649757765,-0.8124575698918093,6.467058292551513,-0.05230636233697081,0
2022-10-18 12:03:18.812000+00:00,1.3394307733971398,6.472929909477202,4.652614466776183,1.1687589680630546,1.69495044538032,1.0705605764185973,1.6295127584790934,0.18964880338521517,12.7848788999373,4.913470090522798,-1.278864466776183,-0.3170489680630546,2.4603595546196804,5.149499423581403,-0.07936275847909346,-0.07192880338521516,0
2022-10-18 12:03:20.708000+00:00,1.3394474831760301,6.473008615327932,4.652666362719389,1.1687741930983113,1.6949705405184052,1.0705735829453848,1.6295338095097,0.18965124443345954,-2.220446049250313e-16,5.018821384672068,-1.0680563627193886,-0.6525841930983113,2.795869459481595,-0.9931435829453849,6.4670161904903,-0.07193124443345954,0
2022-10-18 12:03:22.604000+00:00,1.3394641929549205,6.473087321178662,4.652718258662594,1.1687894181335685,1.6949906356564906,1.0705865894721727,1.6295548605403067,0.18965368548170392,-0.2710541929549204,-1.8868973211786617,0.5660517413374064,2.831670581866432,9.35142936434351,-0.9157265894721727,-1.6176348605403068,-0.07193368548170391,0
2022-10-18 12:03:24.500000+00:00,1.3394809027338108,6.473166027029391,4.6527701546058,1.1688046431688255,1.6950107307945759,1.0705995959989603,1.6295759115709132,0.1896561265299483,-0.9486009027338108,-4.786296027029391,3.3071698453942,-0.9881346431688255,-0.7916807307945759,1.4329104040010396,-1.1168359115709132,-0.09155612652994828,0
2022-10-18 12:03:26.396000+00:00,1.3394976125127012,6.473244732880122,4.652822050549005,1.1688198682040825,1.6950308259326612,1.070612602525748,1.62959696260152,0.18965856757819266,-1.2352576125127013,-3.4157847328801223,-3.8093820505490052,-1.0913898682040823,-0.9981808259326612,-0.14147260252574811,6.455033037398481,-0.07193856757819266,0
2022-10-18 12:03:28.292000+00:00,1.3395143222915915,6.473323438730851,4.65287394649221,1.1688350932393394,1.6950509210707465,1.0706256090525357,1.6296180136321265,0.18966100862643703,-1.0789243222915914,4.385926561269148,1.7783360535077897,-0.9881650932393394,-1.5660009210707466,-0.2963456090525357,-1.0334080136321266,-0.11118100862643704,0
2022-10-18 12:03:30.188000+00:00,1.3395310320704819,6.4734021445815815,4.652925842435417,1.1688503182745964,1.6950710162088318,1.0706386155793237,1.6296390646627332,0.1896634496746814,-0.8704710320704818,8.55031785541842,24.92008415756458,1.5411396817254035,-1.4885910162088318,-1.0448286155793238,5.823000935337267,-0.11118344967468141,0
2022-10-18 12:03:32.084000+00:00,1.3395477418493722,6.473480850432311,4.652977738378622,1.1688655433098534,1.6950911113469171,1.0706516221061113,1.6296601156933397,0.18966589072292578,1.8656922581506277,9.07738914956769,6.311702261621377,1.0765544566901468,0.6019488886530828,-0.5802716221061113,-1.0811501156933396,-0.11118589072292578,0
2022-10-18 12:03:33.980000+00:00,1.3395644516282628,6.473559556283041,4.653029634321828,1.1688807683451106,1.6951112064850025,1.070664628632899,1.6296811667239466,0.18966833177117015,0.7712055483717373,2.6988204437169596,12.21571036567817,2.237959231654889,2.0472487935149974,4.7364453713671,-1.6177611667239467,-0.11118833177117016,0
2022-10-18 12:03:35.876000+00:00,1.339581161407153,6.47363826213377,4.653081530265034,1.1688959933803675,1.6951313016230878,1.0706776351596867,1.629702217754553,0.18967077281941452,-1.1832311614071531,-2.4145982621337696,2.305278469734966,-1.1430859933803674,-0.4046613016230878,19.034842364840312,-0.9500222177545531,-0.07195077281941452,0
2022-10-18 12:03:37.772000+00:00,1.3395978711860435,6.4737169679845,4.653133426208239,1.1689112184156245,1.6951513967611729,1.0706906416864745,1.6297232687851597,0.1896732138676589,-1.1050678711860435,-2.4146769679844997,2.199796573791761,-0.39463121841562454,-0.9466813967611729,-0.2964106416864746,-0.9858132687851597,-0.09157321386765889,0
2022-10-18 12:03:39.668000+00:00,1.339614580964934,6.47379567383523,4.653185322151445,1.1689264434508817,1.6951714918992584,1.0707036482132621,1.6297443198157664,0.18967565491590327,-1.339614580964934,-6.47379567383523,-4.653185322151445,-1.1689264434508817,-1.6951714918992584,-1.0707036482132621,-1.6297443198157664,-0.18967565491590327,0
2022-10-18 12:03:41.564000+00:00,1.3396312907438244,6.4738743796859595,4.653237218094651,1.1689416684861387,1.6951915870373435,1.07071665474005,1.629765370846373,0.18967809596414764,-1.3396312907438244,-6.4738743796859595,-4.653237218094651,-1.1689416684861387,-1.6951915870373435,-1.07071665474005,-1.629765370846373,-0.18967809596414764,0
2022-10-18 12:03:43.460000+00:00,1.3396480005227147,6.4739530855366905,4.653289114037856,1.1689568935213956,1.695211682175429,1.0707296612668378,1.6297864218769798,0.18968053701239201,-1.3396480005227147,-6.4739530855366905,-4.653289114037856,-1.1689568935213956,-1.695211682175429,-1.0707296612668378,-1.6297864218769798,-0.18968053701239201,0
2022-10-18 12:03:45.356000+00:00,1.339664710301605,6.47403179138742,4.6533410099810615,1.1689721185566526,1.6952317773135142,1.0707426677936254,1.6298074729075864,0.1896829780606364,-1.339664710301605,-6.47403179138742,-4.6533410099810615,-1.1689721185566526,-1.6952317773135142,-1.0707426677936254,-1.6298074729075864,-0.1896829780606364,0
2022-10-18 12:03:47.252000+00:00,1.3396814200804954,6.474110497238149,4.653392905924267,1.1689873435919096,1.6952518724515997,1.0707556743204132,1.629828523938193,0.18968541910888076,0.0,-6.474110497238149,-4.653392905924267,-1.1689873435919096,-1.6952518724515997,-1.0707556743204132,-1.629828523938193,-0.18968541910888076,0
2022-10-18 12:03:49.148000+00:00,1.3396981298593857,6.474189203088879,4.653444801867472,1.1690025686271666,1.6952719675896848,1.070768680847201,1.6298495749687996,0.18968786015712513,12.646596317585765,-6.474189203088879,-4.653444801867472,-1.1690025686271666,-1.6952719675896848,-1.070768680847201,-1.6298495749687996,-0.18968786015712513,0
2022-10-18 12:03:51.044000+00:00,1.3397148396382763,6.474267908939609,4.653496697810679,1.1690177936624235,1.6952920627277703,1.0707816873739886,1.6298706259994065,0.18969030120536953,0.0,-6.474267908939609,-4.653496697810679,-1.1690177936624235,-1.6952920627277703,-1.0707816873739886,-1.6298706259994065,-0.18969030120536953,0
2022-10-18 12:03:52.940000+00:00,1.3397315494171667,6.474346614790338,4.653548593753884,1.1690330186976805,1.6953121578658554,1.0707946939007764,1.629891677030013,0.18969274225361388,-1.3397315494171667,-6.474346614790338,-4.653548593753884,-1.1690330186976805,-1.6953121578658554,-1.0707946939007764,-1.629891677030013,-0.18969274225361388,0
2022-10-18 12:03:54.836000+00:00,1.3397482591960572,6.474425320641069,4.65360048969709,1.1690482437329377,1.695332253003941,1.0708077004275642,1.6299127280606196,0.18969518330185828,-1.3397482591960572,-6.474425320641069,-4.65360048969709,-1.1690482437329377,-1.695332253003941,-1.0708077004275642,-1.6299127280606196,-0.18969518330185828,0
2022-10-18 12:03:56.732000+00:00,1.3397649689749476,6.474504026491799,4.653652385640296,1.1690634687681947,1.6953523481420263,1.0708207069543518,1.6299337790912263,0.18969762435010265,-1.3397649689749476,-6.474504026491799,-4.653652385640296,-1.1690634687681947,-1.6953523481420263,-1.0708207069543518,-1.6299337790912263,-0.18969762435010265,0
2022-10-18 12:03:58.628000+00:00,1.3397816787538377,6.474582732342528,4.653704281583501,1.1690786938034516,1.6953724432801116,1.0708337134811394,1.6299548301218327,0.189700065398347,-1.3397816787538377,-6.474582732342528,-4.653704281583501,-1.1690786938034516,-1.6953724432801116,-1.0708337134811394,-1.6299548301218327,-0.189700065398347,0
2022-10-18 12:04:00.524000+00:00,1.3397983885327283,6.474661438193258,4.653756177526707,1.1690939188387088,1.695392538418197,1.0708467200079275,1.6299758811524394,0.1897025064465914,-1.3397983885327283,-6.474661438193258,-4.653756177526707,-1.1690939188387088,-1.695392538418197,-1.0708467200079275,-1.6299758811524394,-0.1897025064465914,0
2022-10-18 12:04:02.420000+00:00,1.3398150983116186,6.474740144043988,4.6538080734699125,1.1691091438739658,1.6954126335562822,1.070859726534715,1.629996932183046,0.18970494749483577,-1.3398150983116186,-6.474740144043988,-4.6538080734699125,-1.1691091438739658,-1.6954126335562822,-1.070859726534715,-1.629996932183046,-0.18970494749483577,0
2022-10-18 12:04:04.316000+00:00,1.339831808090509,6.474818849894717,4.6538599694131175,1.1691243689092228,1.6954327286943676,1.0708727330615029,1.6300179832136528,0.18970738854308014,-1.339831808090509,-6.474818849894717,-4.6538599694131175,-1.1691243689092228,-1.6954327286943676,-1.0708727330615029,-1.6300179832136528,-0.18970738854308014,0
2022-10-18 12:04:06.212000+00:00,1.3398485178693993,6.474897555745447,4.653911865356323,1.1691395939444797,1.6954528238324529,1.0708857395882907,1.6300390342442594,0.1897098295913245,-1.3398485178693993,-6.474897555745447,-4.653911865356323,-1.1691395939444797,-1.6954528238324529,-1.0708857395882907,-1.6300390342442594,-0.1897098295913245,0
2022-10-18 12:04:08.108000+00:00,1.3398652276482896,6.4749762615961775,4.653963761299529,1.1691548189797367,1.6954729189705382,1.0708987461150783,1.6300600852748661,0.18971227063956891,-1.3398652276482896,-6.4749762615961775,-4.653963761299529,-1.1691548189797367,-1.6954729189705382,-1.0708987461150783,-1.6300600852748661,-0.18971227063956891,0
2022-10-18 12:04:10.004000+00:00,1.33988193742718,6.475054967446907,4.654015657242734,1.1691700440149937,1.6954930141086235,1.0709117526418659,1.6300811363054728,0.18971471168781326,-1.33988193742718,-6.475054967446907,-4.654015657242734,-1.1691700440149937,-1.6954930141086235,-1.0709117526418659,-1.6300811363054728,-0.18971471168781326,0
2022-10-18 12:04:11.900000+00:00,1.3398986472060705,6.475133673297638,4.654067553185941,1.1691852690502507,1.6955131092467088,1.070924759168654,1.6301021873360795,0.18971715273605766,-1.3398986472060705,-6.475133673297638,-4.654067553185941,-1.1691852690502507,-1.6955131092467088,-1.070924759168654,-1.6301021873360795,-0.18971715273605766,0
2022-10-18 12:04:13.796000+00:00,1.339915356984961,6.475212379148367,4.654119449129146,1.1692004940855076,1.6955332043847942,1.0709377656954415,1.6301232383666862,0.18971959378430203,-1.339915356984961,-6.475212379148367,-4.654119449129146,-1.1692004940855076,-1.6955332043847942,-1.0709377656954415,-1.6301232383666862,-0.18971959378430203,0
2022-10-18 12:04:15.692000+00:00,1.3399320667638515,6.475291084999097,4.654171345072352,1.1692157191207648,1.6955532995228795,1.0709507722222293,1.6301442893972928,0.1897220348325464,-1.3399320667638515,-6.475291084999097,-4.654171345072352,-1.1692157191207648,-1.6955532995228795,-1.0709507722222293,-1.6301442893972928,-0.1897220348325464,0
2022-10-18 12:04:17.588000+00:00,1.3399487765427418,6.475369790849826,4.654223241015558,1.1692309441560218,1.6955733946609648,1.070963778749017,1.6301653404278993,0.18972447588079078,-1.3399487765427418,-6.475369790849826,-4.654223241015558,-1.1692309441560218,-1.6955733946609648,-1.070963778749017,-1.6301653404278993,-0.18972447588079078,0
2022-10-18 12:04:19.484000+00:00,1.3399654863216321,6.475448496700556,4.654275136958763,1.1692461691912788,1.69559348979905,1.0709767852758048,1.6301863914585057,0.18972691692903512,-1.3399654863216321,-6.475448496700556,-4.654275136958763,-1.1692461691912788,-1.69559348979905,-1.0709767852758048,-1.6301863914585057,-0.18972691692903512,0
2022-10-18 12:04:21.380000+00:00,1.3399821961005225,6.4755272025512856,4.654327032901969,1.169261394226536,1.6956135849371354,1.0709897918025924,1.6302074424891126,0.18972935797727952,-1.3399821961005225,-6.4755272025512856,-4.654327032901969,-1.169261394226536,-1.6956135849371354,-1.0709897918025924,-1.6302074424891126,-0.18972935797727952,0
2022-10-18 12:04:23.276000+00:00,1.3399989058794128,6.475605908402016,4.6543789288451745,1.169276619261793,1.6956336800752205,1.0710027983293802,1.630228493519719,0.1897317990255239,-1.3399989058794128,-6.475605908402016,-4.6543789288451745,-1.169276619261793,-1.6956336800752205,-1.0710027983293802,-1.630228493519719,-0.1897317990255239,0
2022-10-18 12:04:25.172000+00:00,1.3400156156583032,6.475684614252746,4.654430824788379,1.16929184429705,1.695653775213306,1.071015804856168,1.6302495445503258,0.18973424007376827,-1.3400156156583032,-6.475684614252746,-4.654430824788379,-1.16929184429705,-1.695653775213306,-1.071015804856168,-1.6302495445503258,-0.18973424007376827,0
2022-10-18 12:04:27.068000+00:00,1.3400323254371935,6.475763320103475,4.654482720731585,1.1693070693323069,1.6956738703513912,1.0710288113829556,1.6302705955809325,0.18973668112201264,-1.3400323254371935,-6.475763320103475,-4.654482720731585,-1.1693070693323069,-1.6956738703513912,-1.0710288113829556,-1.6302705955809325,-0.18973668112201264,0
2022-10-18 12:04:28.964000+00:00,1.340049035216084,6.475842025954206,4.654534616674791,1.1693222943675639,1.6956939654894767,1.0710418179097434,1.6302916466115391,0.189739122170257,-1.340049035216084,-6.475842025954206,-4.654534616674791,-1.1693222943675639,-1.6956939654894767,-1.0710418179097434,-1.6302916466115391,-0.189739122170257,0
2022-10-18 12:04:30.860000+00:00,1.3400657449949744,6.475920731804935,4.654586512617996,1.1693375194028208,1.6957140606275618,1.0710548244365312,1.6303126976421458,0.18974156321850139,-1.3400657449949744,-6.475920731804935,-4.654586512617996,-1.1693375194028208,-1.6957140606275618,-1.0710548244365312,-1.6303126976421458,-0.18974156321850139,0
2022-10-18 12:04:32.756000+00:00,1.340082454773865,6.475999437655664,4.654638408561203,1.169352744438078,1.6957341557656473,1.0710678309633188,1.6303337486727525,0.18974400426674576,-1.340082454773865,-6.475999437655664,-4.654638408561203,-1.169352744438078,-1.6957341557656473,-1.0710678309633188,-1.6303337486727525,-0.18974400426674576,0
2022-10-18 12:04:34.652000+00:00,1.3400991645527551,6.4760781435063945,4.654690304504408,1.169367969473335,1.6957542509037327,1.0710808374901066,1.6303547997033592,0.18974644531499013,-0.9492191645527551,2.538151856493605,-2.0189503045044077,-0.317657969473335,-0.6117642509037327,9.149439162509895,-1.582654799703359,-0.09164644531499012,0
2022-10-18 12:04:36.548000+00:00,1.3401158743316457,6.476156849357125,4.654742200447614,1.1693831945085922,1.695774346041818,1.0710938440168944,1.6303758507339658,0.1897488863632345,5.695764125668354,-5.6327168493571245,4.201347799552386,8.818856805491407,0.007645653958181953,7.136296155983105,-1.1414858507339658,-0.0916488863632345,0
2022-10-18 12:04:38.444000+00:00,1.340132584110536,6.476235555207854,4.65479409639082,1.169398419543849,1.6957944411799033,1.071106850543682,1.6303969017645725,0.18975132741147888,-1.2358925841105362,6.649754444792146,-1.9136240963908198,-1.014538419543849,2.769235558820096,-0.7097768505436821,6.466153098235428,-0.09165132741147887,0
2022-10-18 12:04:40.340000+00:00,1.3401492938894264,6.476314261058584,4.654845992334025,1.169413644579106,1.6958145363179886,1.0711198570704696,1.630417952795179,0.18975376845972325,-0.8450292938894264,4.804655738941416,-1.5446759923340245,2.0567563554208945,1.1948354636820113,-0.14197985707046967,-0.056417952795178916,-0.09165376845972324,0
2022-10-18 12:04:42.236000+00:00,1.3401660036683167,6.476392966909314,4.6548978882772305,1.169428869614363,1.695834631456074,1.0711328635972577,1.6304390038257857,0.18975620950796762,-1.0274560036683167,5.0681470330906855,-1.0702878882772304,-0.8339088696143631,2.6659553685439263,-1.0453228635972578,-0.6168790038257856,-0.09165620950796761,0
2022-10-18 12:04:44.132000+00:00,1.340182713447207,6.476471672760043,4.654949784220436,1.16944409464962,1.6958547265941593,1.0711458701240453,1.6304600548563921,0.189758650556212,-0.9493027134472071,5.068068327239956,1.4072502157795634,0.04359590535037983,-1.1796647265941593,1.3033141298759547,-0.3784200548563921,-0.07203865055621199,0
2022-10-18 12:04:46.028000+00:00,1.3401994232260974,6.476550378610773,4.655001680163641,1.169459319684877,1.6958748217322446,1.071158876650833,1.630481105886999,0.18976109160445637,-1.0274894232260974,5.436999621389227,2.4087883198363587,1.101770680315123,0.08497517826775547,-0.8904888766508331,0.5874288941130008,-0.07204109160445636,0
2022-10-18 12:04:47.924000+00:00,1.3402161330049878,6.4766290844615035,4.655053576106847,1.169474544720134,1.69589491687033,1.071171883177621,1.6305021569176055,0.18976353265270074,-0.14150613300498782,-1.099719084461504,14.902146423893154,5.592585455279866,2.12389508312967,3.780998116822379,-1.0462121569176055,-0.07204353265270073,0
2022-10-18 12:04:49.820000+00:00,1.3402328427838783,6.476707790312233,4.655105472050053,1.169489769755391,1.6959150120084152,1.0711848897044085,1.6305232079482121,0.1897659737009451,0.32753715721612164,3.6445322096877675,5.097134527949947,0.6629802302446091,0.05912498799158472,0.45156511029559154,1.9228967920517879,2.969064026299055,0
2022-10-18 12:04:51.716000+00:00,1.3402495525627687,6.476786496162963,4.655157367993258,1.169504994790648,1.6959351071465005,1.071197896231196,1.6305442589788188,0.18976841474918948,-0.9233095525627687,-3.472046496162963,5.097082632006742,0.482295005209352,10.7958148928535,-0.7098678962311962,-0.7839242589788188,0.6931315852508105,0
2022-10-18 12:04:53.612000+00:00,1.3402662623416592,6.476865202013693,4.655209263936465,1.1695202198259051,1.6959552022845858,1.0712109027579841,1.6305653100094255,0.18977085579743388,-0.21973626234165922,-2.470535202013693,2.303150736063535,-0.3694302198259052,-0.8700552022845859,-0.16788090275798417,-0.8912653100094255,-0.0328108557974339,0
2022-10-18 12:04:55.508000+00:00,1.3402829721205496,6.476943907864422,4.65526115987967,1.1695354448611621,1.6959752974226712,1.0712239092847717,1.6305863610400322,0.18977329684567823,-1.0796929721205495,-2.470613907864422,-4.65526115987967,-1.1695354448611621,-1.6959752974226712,-1.0712239092847717,-1.6305863610400322,-0.18977329684567823,0
2022-10-18 12:04:57.404000+00:00,1.34029968189944,6.477022613715153,4.655313055822876,1.1695506698964193,1.6959953925607567,1.0712369158115596,1.6306074120706389,0.18977573789392263,-1.34029968189944,-6.477022613715153,-4.655313055822876,-1.1695506698964193,-1.6959953925607567,-1.0712369158115596,-1.6306074120706389,-0.18977573789392263,0
2022-10-18 12:04:59.300000+00:00,1.3403163916783303,6.477101319565882,4.655364951766082,1.1695658949316763,1.6960154876988418,1.0712499223383474,1.6306284631012455,0.18977817894216698,-1.3403163916783303,-6.477101319565882,-4.655364951766082,-1.1695658949316763,-1.6960154876988418,-1.0712499223383474,-1.6306284631012455,-0.18977817894216698,0
2022-10-18 12:05:01.196000+00:00,1.3403331014572206,6.477180025416612,4.6554168477092865,1.1695811199669333,1.696035582836927,1.071262928865135,1.630649514131852,0.18978061999041135,-1.3403331014572206,-6.477180025416612,-4.6554168477092865,-1.1695811199669333,-1.696035582836927,-1.071262928865135,-1.630649514131852,-0.18978061999041135,0
2022-10-18 12:05:03.092000+00:00,1.340349811236111,6.477258731267342,4.655468743652492,1.1695963450021902,1.6960556779750124,1.0712759353919226,1.630670565162459,0.18978306103865575,-1.340349811236111,-6.477258731267342,-4.655468743652492,-1.1695963450021902,-1.6960556779750124,-1.0712759353919226,-1.630670565162459,-0.18978306103865575,0
2022-10-18 12:05:04.988000+00:00,1.3403665210150013,6.477337437118072,4.655520639595698,1.1696115700374472,1.6960757731130975,1.0712889419187104,1.6306916161930654,0.1897855020869001,-1.3403665210150013,-6.477337437118072,-4.655520639595698,-1.1696115700374472,-1.6960757731130975,-1.0712889419187104,-1.6306916161930654,-0.1897855020869001,0
2022-10-18 12:05:06.884000+00:00,1.3403832307938919,6.477416142968801,4.655572535538903,1.1696267950727042,1.696095868251183,1.0713019484454982,1.630712667223672,0.1897879431351445,-1.3403832307938919,-6.477416142968801,-4.655572535538903,-1.1696267950727042,-1.696095868251183,-1.0713019484454982,-1.630712667223672,-0.1897879431351445,0
2022-10-18 12:05:08.780000+00:00,1.340399940572782,6.477494848819531,4.655624431482109,1.1696420201079611,1.6961159633892684,1.0713149549722858,1.6307337182542785,0.18979038418338887,-1.340399940572782,-6.477494848819531,-4.655624431482109,-1.1696420201079611,-1.6961159633892684,-1.0713149549722858,-1.6307337182542785,-0.18979038418338887,0
2022-10-18 12:05:10.676000+00:00,1.3404166503516726,6.477573554670261,4.655676327425315,1.1696572451432181,1.6961360585273537,1.0713279614990738,1.6307547692848854,0.18979282523163327,-1.3404166503516726,-6.477573554670261,-4.655676327425315,-1.1696572451432181,-1.6961360585273537,-1.0713279614990738,-1.6307547692848854,-0.18979282523163327,0
2022-10-18 12:05:12.572000+00:00,1.340433360130563,6.4776522605209905,4.65572822336852,1.169672470178475,1.696156153665439,1.0713409680258614,1.6307758203154918,0.1897952662798776,-1.340433360130563,-6.4776522605209905,-4.65572822336852,-1.169672470178475,-1.696156153665439,-1.0713409680258614,-1.6307758203154918,-0.1897952662798776,0
2022-10-18 12:05:14.468000+00:00,1.3404500699094535,6.477730966371721,4.655780119311727,1.1696876952137323,1.6961762488035244,1.071353974552649,1.6307968713460985,0.189797707328122,-0.11568006990945356,4.328809033628279,2.038999880688273,-0.3179776952137323,-1.4638962488035243,-1.0455439745526491,0.5632631286539014,-0.091697707328122,0
2022-10-18 12:05:16.364000+00:00,1.3404667796883438,6.477809672222451,4.655832015254932,1.1697029202489893,1.6961963439416097,1.0713669810794368,1.6308179223767052,0.18980014837636636,1.9429432203116561,13.659250327777551,2.513377984745068,1.0240970797510107,-0.30248634394160967,-0.7874669810794368,5.857602077623294,-0.09170014837636635,0
2022-10-18 12:05:18.260000+00:00,1.3404834894672342,6.47788837807318,4.655883911198138,1.1697181452842464,1.696216439079695,1.0713799876062247,1.6308389734073119,0.18980258942461076,2.203516510532766,37.27541162192682,-1.6511439111981376,-0.6277181452842464,-0.999366439079695,3.2904100123937754,-1.4758289734073118,-0.09170258942461075,0
2022-10-18 12:05:20.156000+00:00,1.3405001992461245,6.47796708392391,4.6559358071413435,1.1697333703195034,1.6962365342177803,1.0713929941330123,1.6308600244379186,0.18980503047285513,3.8452098007538758,2.325402916076089,-2.8109158071413436,-1.0664933703195034,5.19487346578222,0.7610770058669878,-0.8915600244379186,0.9677749695271449,0
2022-10-18 12:05:22.052000+00:00,1.3405169090250149,6.47804578977464,4.6559877030845485,1.1697485953547604,1.6962566293558656,1.0714060006598003,1.6308810754685252,0.1898074715210995,-1.3405169090250149,-3.94773578977464,1.986082296915452,1.1272914046452396,-0.22511662935586574,-0.21969600065980033,-1.0465910754685253,0.9089125284789004,0
2022-10-18 12:05:23.948000+00:00,1.3405336188039052,6.478124495625369,4.656039599027754,1.1697638203900174,1.696276724493951,1.071419007186588,1.630902126499132,0.18980991256934387,-0.5066536188039052,-4.47496449562537,2.2496004009722457,-0.3180538203900174,-0.870376724493951,-0.19389900718658792,-0.8439021264991319,-0.032849912569343886,0
2022-10-18 12:05:25.844000+00:00,1.3405503285827955,6.478203201476099,4.65609149497096,1.1697790454252743,1.6962968196320363,1.0714320137133755,1.6309231775297384,0.18981235361758825,-1.1060203285827956,-2.524593201476099,2.1968385050290395,-1.1697790454252743,-1.6962968196320363,-1.0714320137133755,-1.6309231775297384,-0.18981235361758825,0
2022-10-18 12:05:27.740000+00:00,1.3405670383616861,6.47828190732683,4.656143390914165,1.1697942704605313,1.6963169147701216,1.0714450202401633,1.6309442285603453,0.18981479466583262,-1.3405670383616861,-6.47828190732683,-4.656143390914165,-1.1697942704605313,-1.6963169147701216,-1.0714450202401633,-1.6309442285603453,-0.18981479466583262,0
2022-10-18 12:05:29.636000+00:00,1.3405837481405765,6.478360613177559,4.656195286857371,1.1698094954957883,1.696337009908207,1.0714580267669511,1.6309652795909517,0.189817235714077,-1.3405837481405765,-6.478360613177559,-4.656195286857371,-1.1698094954957883,-1.696337009908207,-1.0714580267669511,-1.6309652795909517,-0.189817235714077,0
2022-10-18 12:05:31.532000+00:00,1.340600457919467,6.478439319028289,4.656247182800577,1.1698247205310452,1.6963571050462922,1.0714710332937387,1.6309863306215584,0.18981967676232137,-1.340600457919467,-6.478439319028289,-4.656247182800577,-1.1698247205310452,-1.6963571050462922,-1.0714710332937387,-1.6309863306215584,-0.18981967676232137,0
2022-10-18 12:05:33.428000+00:00,1.3406171676983574,6.478518024879019,4.656299078743782,1.1698399455663022,1.6963772001843775,1.0714840398205265,1.6310073816521649,0.18982211781056574,-1.3406171676983574,-6.478518024879019,-4.656299078743782,-1.1698399455663022,-1.6963772001843775,-1.0714840398205265,-1.6310073816521649,-0.18982211781056574,0
2022-10-18 12:05:35.324000+00:00,1.3406338774772477,6.478596730729748,4.656350974686989,1.1698551706015594,1.696397295322463,1.0714970463473144,1.6310284326827718,0.1898245588588101,-1.3406338774772477,-6.478596730729748,-4.656350974686989,-1.1698551706015594,-1.696397295322463,-1.0714970463473144,-1.6310284326827718,-0.1898245588588101,0
2022-10-18 12:05:37.220000+00:00,1.340650587256138,6.478675436580478,4.656402870630194,1.1698703956368164,1.6964173904605482,1.071510052874102,1.6310494837133782,0.18982699990705448,-1.340650587256138,-6.478675436580478,-4.656402870630194,-1.1698703956368164,-1.6964173904605482,-1.071510052874102,-1.6310494837133782,-0.18982699990705448,0
2022-10-18 12:05:39.116000+00:00,1.3406672970350284,6.4787541424312085,4.6564547665733995,1.1698856206720736,1.6964374855986337,1.0715230594008898,1.631070534743985,0.18982944095529886,-1.3406672970350284,-6.4787541424312085,-4.6564547665733995,-1.1698856206720736,-1.6964374855986337,-1.0715230594008898,-1.631070534743985,-0.18982944095529886,0
2022-10-18 12:05:41.012000+00:00,1.3406840068139187,6.478832848281938,4.656506662516605,1.1699008457073306,1.6964575807367188,1.0715360659276776,1.6310915857745916,0.18983188200354323,-1.3406840068139187,-6.478832848281938,-4.656506662516605,-1.1699008457073306,-1.6964575807367188,-1.0715360659276776,-1.6310915857745916,-0.18983188200354323,0
2022-10-18 12:05:42.908000+00:00,1.3407007165928093,6.478911554132669,4.65655855845981,1.1699160707425875,1.6964776758748044,1.0715490724544652,1.6311126368051982,0.1898343230517876,-1.3407007165928093,-6.478911554132669,-4.65655855845981,-1.1699160707425875,-1.6964776758748044,-1.0715490724544652,-1.6311126368051982,-0.1898343230517876,0
2022-10-18 12:05:44.804000+00:00,1.3407174263716994,6.478990259983398,4.656610454403016,1.1699312957778445,1.6964977710128895,1.0715620789812528,1.631133687835805,0.18983676410003197,-1.3407174263716994,-6.478990259983398,-4.656610454403016,-1.1699312957778445,-1.6964977710128895,-1.0715620789812528,-1.631133687835805,-0.18983676410003197,0
2022-10-18 12:05:46.700000+00:00,1.3407341361505898,6.479068965834127,4.656662350346222,1.1699465208131015,1.6965178661509748,1.0715750855080406,1.6311547388664116,0.18983920514827635,-1.3407341361505898,-6.479068965834127,-4.656662350346222,-1.1699465208131015,-1.6965178661509748,-1.0715750855080406,-1.6311547388664116,-0.18983920514827635,0
2022-10-18 12:05:48.596000+00:00,1.3407508459294804,6.479147671684857,4.656714246289427,1.1699617458483584,1.69653796128906,1.0715880920348284,1.6311757898970183,0.18984164619652072,-1.3407508459294804,-6.479147671684857,-4.656714246289427,-1.1699617458483584,-1.69653796128906,-1.0715880920348284,-1.6311757898970183,-0.18984164619652072,0
2022-10-18 12:05:50.492000+00:00,1.3407675557083707,6.479226377535587,4.656766142232633,1.1699769708836154,1.6965580564271454,1.071601098561616,1.631196840927625,0.1898440872447651,-1.3407675557083707,-6.479226377535587,-4.656766142232633,-1.1699769708836154,-1.6965580564271454,-1.071601098561616,-1.631196840927625,-0.1898440872447651,0
2022-10-18 12:05:52.388000+00:00,1.3407842654872613,6.479305083386317,4.656818038175839,1.1699921959188726,1.6965781515652307,1.071614105088404,1.6312178919582316,0.18984652829300946,-1.3407842654872613,-6.479305083386317,-4.656818038175839,-1.1699921959188726,-1.6965781515652307,-1.071614105088404,-1.6312178919582316,-0.18984652829300946,0
2022-10-18 12:05:54.284000+00:00,1.3408009752661516,6.479383789237047,4.656869934119044,1.1700074209541296,1.696598246703316,1.0716271116151916,1.631238942988838,0.18984896934125384,-1.3408009752661516,-6.479383789237047,-4.656869934119044,-1.1700074209541296,-1.696598246703316,-1.0716271116151916,-1.631238942988838,-0.18984896934125384,0
2022-10-18 12:05:56.180000+00:00,1.340817685045042,6.479462495087777,4.656921830062251,1.1700226459893865,1.6966183418414014,1.0716401181419792,1.631259994019445,0.1898514103894982,-1.340817685045042,-6.479462495087777,-4.656921830062251,-1.1700226459893865,-1.6966183418414014,-1.0716401181419792,-1.631259994019445,-0.1898514103894982,0
2022-10-18 12:05:58.076000+00:00,1.3408343948239323,6.479541200938506,4.656973726005456,1.1700378710246435,1.6966384369794867,1.071653124668767,1.6312810450500514,0.18985385143774258,-1.3408343948239323,-6.479541200938506,-4.656973726005456,-1.1700378710246435,-1.6966384369794867,-1.071653124668767,-1.6312810450500514,-0.18985385143774258,0
2022-10-18 12:05:59.972000+00:00,1.3408511046028226,6.479619906789236,4.657025621948661,1.1700530960599007,1.696658532117572,1.0716661311955549,1.6313020960806581,0.18985629248598698,-1.3408511046028226,-6.479619906789236,-4.657025621948661,-1.1700530960599007,-1.696658532117572,-1.0716661311955549,-1.6313020960806581,-0.18985629248598698,0
2022-10-18 12:06:01.868000+00:00,1.340867814381713,6.479698612639966,4.657077517891867,1.1700683210951577,1.6966786272556573,1.0716791377223425,1.6313231471112646,0.18985873353423133,-1.340867814381713,-6.479698612639966,-4.657077517891867,-1.1700683210951577,-1.6966786272556573,-1.0716791377223425,-1.6313231471112646,-0.18985873353423133,0
2022-10-18 12:06:03.764000+00:00,1.3408845241606036,6.4797773184906955,4.657129413835072,1.1700835461304147,1.6966987223937426,1.0716921442491305,1.6313441981418715,0.18986117458247573,-1.3408845241606036,-6.4797773184906955,-4.657129413835072,-1.1700835461304147,-1.6966987223937426,-1.0716921442491305,-1.6313441981418715,-0.18986117458247573,0
2022-10-18 12:06:05.660000+00:00,1.340901233939494,6.479856024341426,4.657181309778278,1.1700987711656716,1.696718817531828,1.071705150775918,1.631365249172478,0.1898636156307201,-1.340901233939494,-6.479856024341426,-4.657181309778278,-1.1700987711656716,-1.696718817531828,-1.071705150775918,-1.631365249172478,-0.1898636156307201,0
2022-10-18 12:06:07.556000+00:00,1.3409179437183842,6.479934730192156,4.657233205721484,1.1701139962009286,1.6967389126699133,1.0717181573027057,1.6313863002030846,0.18986605667896445,-1.3409179437183842,-6.479934730192156,-4.657233205721484,-1.1701139962009286,-1.6967389126699133,-1.0717181573027057,-1.6313863002030846,-0.18986605667896445,0
2022-10-18 12:06:09.452000+00:00,1.3409346534972748,6.480013436042885,4.657285101664689,1.1701292212361856,1.6967590078079986,1.0717311638294935,1.6314073512336913,0.18986849772720885,-1.3409346534972748,-6.480013436042885,-4.657285101664689,-1.1701292212361856,-1.6967590078079986,-1.0717311638294935,-1.6314073512336913,-0.18986849772720885,0
2022-10-18 12:06:11.348000+00:00,1.3409513632761652,6.480092141893614,4.657336997607895,1.1701444462714425,1.696779102946084,1.0717441703562813,1.631428402264298,0.18987093877545322,-1.3409513632761652,-6.480092141893614,-4.657336997607895,-1.1701444462714425,-1.696779102946084,-1.0717441703562813,-1.631428402264298,-0.18987093877545322,0
2022-10-18 12:06:13.244000+00:00,1.3409680730550555,6.480170847744345,4.657388893551101,1.1701596713066997,1.6967991980841695,1.071757176883069,1.6314494532949047,0.1898733798236976,-1.3409680730550555,-6.480170847744345,-4.657388893551101,-1.1701596713066997,-1.6967991980841695,-1.071757176883069,-1.6314494532949047,-0.1898733798236976,0
2022-10-18 12:06:15.140000+00:00,1.3409847828339458,6.480249553595074,4.657440789494306,1.1701748963419567,1.6968192932222546,1.0717701834098567,1.6314705043255113,0.18987582087194196,-1.3409847828339458,-6.480249553595074,-4.657440789494306,-1.1701748963419567,-1.6968192932222546,-1.0717701834098567,-1.6314705043255113,-0.18987582087194196,0
2022-10-18 12:06:17.036000+00:00,1.3410014926128362,6.4803282594458045,4.6574926854375125,1.170190121377214,1.69683938836034,1.0717831899366446,1.631491555356118,0.18987826192018636,-1.3410014926128362,-6.4803282594458045,-4.6574926854375125,-1.170190121377214,-1.69683938836034,-1.0717831899366446,-1.631491555356118,-0.18987826192018636,0
2022-10-18 12:06:18.932000+00:00,1.3410182023917265,6.480406965296535,4.6575445813807175,1.1702053464124709,1.6968594834984252,1.0717961964634322,1.6315126063867245,0.1898807029684307,-1.3410182023917265,-6.480406965296535,-4.6575445813807175,-1.1702053464124709,-1.6968594834984252,-1.0717961964634322,-1.6315126063867245,-0.1898807029684307,0
2022-10-18 12:06:20.828000+00:00,1.3410349121706169,6.480485671147264,4.657596477323923,1.1702205714477278,1.6968795786365107,1.07180920299022,1.6315336574173314,0.1898831440166751,-1.3410349121706169,-6.480485671147264,-4.657596477323923,-1.1702205714477278,-1.6968795786365107,-1.07180920299022,-1.6315336574173314,-0.1898831440166751,0
2022-10-18 12:06:22.724000+00:00,1.3410516219495072,6.480564376997994,4.657648373267129,1.1702357964829848,1.6968996737745958,1.0718222095170078,1.6315547084479378,0.18988558506491948,-1.3410516219495072,-6.480564376997994,-4.657648373267129,-1.1702357964829848,-1.6968996737745958,-1.0718222095170078,-1.6315547084479378,-0.18988558506491948,0
2022-10-18 12:06:24.620000+00:00,1.3410683317283978,6.480643082848724,4.657700269210334,1.1702510215182418,1.6969197689126814,1.0718352160437954,1.6315757594785445,0.18988802611316385,-1.3410683317283978,-6.480643082848724,-4.657700269210334,-1.1702510215182418,-1.6969197689126814,-1.0718352160437954,-1.6315757594785445,-0.18988802611316385,0
2022-10-18 12:06:26.516000+00:00,1.3410850415072881,6.480721788699453,4.65775216515354,1.1702662465534988,1.6969398640507665,1.0718482225705832,1.631596810509151,0.18989046716140823,-1.3410850415072881,-6.480721788699453,-4.65775216515354,-1.1702662465534988,-1.6969398640507665,-1.0718482225705832,-1.631596810509151,-0.18989046716140823,0
2022-10-18 12:06:28.412000+00:00,1.3411017512861785,6.4808004945501825,4.657804061096746,1.1702814715887557,1.6969599591888518,1.071861229097371,1.6316178615397576,0.18989290820965257,-1.3411017512861785,-6.4808004945501825,-4.657804061096746,-1.1702814715887557,-1.6969599591888518,-1.071861229097371,-1.6316178615397576,-0.18989290820965257,0
2022-10-18 12:06:30.308000+00:00,1.341118461065069,6.4808792004009135,4.657855957039951,1.1702966966240127,1.696980054326937,1.0718742356241586,1.6316389125703643,0.18989534925789697,-1.341118461065069,-6.4808792004009135,-4.657855957039951,-1.1702966966240127,-1.696980054326937,-1.0718742356241586,-1.6316389125703643,-0.18989534925789697,0
2022-10-18 12:06:32.204000+00:00,1.3411351708439594,6.480957906251643,4.657907852983157,1.1703119216592697,1.6970001494650224,1.0718872421509462,1.631659963600971,0.18989779030614135,-1.3411351708439594,-6.480957906251643,-4.657907852983157,-1.1703119216592697,-1.6970001494650224,-1.0718872421509462,-1.631659963600971,-0.18989779030614135,0
2022-10-18 12:06:34.100000+00:00,1.3411518806228497,6.481036612102373,4.657959748926363,1.1703271466945269,1.6970202446031077,1.0719002486777343,1.6316810146315777,0.18990023135438572,-1.3411518806228497,-6.481036612102373,-4.657959748926363,-1.1703271466945269,-1.6970202446031077,-1.0719002486777343,-1.6316810146315777,-0.18990023135438572,0
2022-10-18 12:06:35.996000+00:00,1.34116859040174,6.481115317953103,4.658011644869568,1.1703423717297838,1.697040339741193,1.0719132552045219,1.6317020656621843,0.1899026724026301,-1.34116859040174,-6.481115317953103,-4.658011644869568,-1.1703423717297838,-1.697040339741193,-1.0719132552045219,-1.6317020656621843,-0.1899026724026301,0
2022-10-18 12:06:37.892000+00:00,1.3411853001806304,6.481194023803832,4.658063540812774,1.170357596765041,1.6970604348792784,1.0719262617313097,1.631723116692791,0.18990511345087446,-1.3411853001806304,-6.481194023803832,-4.658063540812774,-1.170357596765041,-1.6970604348792784,-1.0719262617313097,-1.631723116692791,-0.18990511345087446,0
2022-10-18 12:06:39.788000+00:00,1.3412020099595208,6.481272729654561,4.658115436755979,1.170372821800298,1.6970805300173637,1.0719392682580973,1.6317441677233977,0.18990755449911884,-1.3412020099595208,-6.481272729654561,-4.658115436755979,-1.170372821800298,-1.6970805300173637,-1.0719392682580973,-1.6317441677233977,-0.18990755449911884,0
2022-10-18 12:06:41.684000+00:00,1.3412187197384113,6.481351435505292,4.658167332699185,1.170388046835555,1.697100625155449,1.071952274784885,1.6317652187540044,0.1899099955473632,-1.3412187197384113,-6.481351435505292,-4.658167332699185,-1.170388046835555,-1.697100625155449,-1.071952274784885,-1.6317652187540044,-0.1899099955473632,0
2022-10-18 12:06:43.580000+00:00,1.3412354295173017,6.481430141356022,4.658219228642391,1.170403271870812,1.6971207202935343,1.0719652813116727,1.6317862697846108,0.18991243659560758,-1.3412354295173017,-6.481430141356022,-4.658219228642391,-1.170403271870812,-1.6971207202935343,-1.0719652813116727,-1.6317862697846108,-0.18991243659560758,0
2022-10-18 12:06:45.476000+00:00,1.3412521392961922,6.481508847206752,4.658271124585596,1.170418496906069,1.6971408154316197,1.0719782878384607,1.6318073208152177,0.18991487764385195,2.463337860703808,6.6971911527932475,-0.3883711245855963,-0.5509884969060689,4.00673918456838,0.7604917121615393,-1.4648673208152176,-0.013334877643851967,0
2022-10-18 12:06:47.372000+00:00,1.3412688490750826,6.481587553057482,4.658323020528802,1.1704337219413259,1.6971609105697052,1.0719912943652483,1.6318283718458242,0.18991731869209633,1.7336711509249172,-5.638147553057482,7.149796979471199,-0.2929137219413259,1.3741590894302949,4.812548705634752,-1.2860283718458243,0.006282681307903687,0
2022-10-18 12:06:49.268000+00:00,1.341285558853973,6.481666258908211,4.658374916472008,1.1704489469765829,1.6971810057077903,1.072004300892036,1.6318494228764306,0.1899197597403407,0.7694844411460271,15.236833741091788,15.90040508352799,-0.3445489469765829,1.52898899429221,-0.9687643008920359,-0.3678794228764306,0.025900240259659313,0
2022-10-18 12:06:51.164000+00:00,1.3413022686328633,6.481744964758941,4.658426812415213,1.1704641720118398,1.6972011008458758,1.0720173074188237,1.6318704739070373,0.18992220078858507,3.661997731367137,9.069125035241058,3.459653187584788,-0.18970417201183987,-1.387491100845876,-0.4525873074188237,6.428909526092962,0.06513779921141494,0
2022-10-18 12:06:53.060000+00:00,1.3413189784117536,6.48182367060967,4.658478708358419,1.1704793970470968,1.697221195983961,1.0720303139456115,1.631891524937644,0.18992464183682944,-0.7940789784117537,4.6937163293903295,2.299881291641581,-1.144669397047097,0.6772388040160391,-0.9429803139456115,-1.512651524937644,0.06513535816317056,0
2022-10-18 12:06:54.956000+00:00,1.341335688190644,6.4819023764604005,4.658530604301625,1.170494622082354,1.6972412911220465,1.0720433204723991,1.6319125759682507,0.18992708288507382,-0.976515688190644,-2.1065723764604005,20.486439395698376,-0.654304622082354,-0.07125129112204642,-0.37519332047239917,-1.5722925759682507,0.045512917114926194,0
2022-10-18 12:06:56.852000+00:00,1.3413523979695343,6.48198108231113,4.65858250024483,1.170509847117611,1.6972613862601316,1.072056326999187,1.6319336269988574,0.1899295239333182,-1.0547023979695342,5.0098489176888705,1.9834874997551708,-0.344609847117611,-1.4391713862601316,-1.072056326999187,5.832636373001143,0.04551047606668182,0
2022-10-18 12:06:58.748000+00:00,1.3413691077484247,6.482059788161861,4.658634396188036,1.1705250721528682,1.697281481398217,1.0720693335259748,1.631954678029464,0.18993196498156256,-0.3771891077484246,0.8980102118381392,-0.8631643961880364,2.2363149278471317,1.2966085186017828,-0.9430193335259748,5.844535321970536,0.06512803501843745,0
2022-10-18 12:07:00.644000+00:00,1.341385817527315,6.48213849401259,4.658686292131241,1.1705402971881251,1.6973015765363022,1.0720823400527624,1.6319757290600707,0.18993440602980693,-1.341385817527315,-6.48213849401259,-4.658686292131241,-1.1705402971881251,-1.6973015765363022,-1.0720823400527624,-1.6319757290600707,-0.18993440602980693,0
2022-10-18 12:07:02.540000+00:00,1.3414025273062056,6.48221719986332,4.658738188074447,1.170555522223382,1.6973216716743877,1.0720953465795502,1.6319967800906774,0.18993684707805134,-1.3414025273062056,-6.48221719986332,-4.658738188074447,-1.170555522223382,-1.6973216716743877,-1.0720953465795502,-1.6319967800906774,-0.18993684707805134,0
2022-10-18 12:07:04.436000+00:00,1.341419237085096,6.48229590571405,4.658790084017653,1.170570747258639,1.6973417668124728,1.072108353106338,1.632017831121284,0.18993928812629568,-1.341419237085096,-6.48229590571405,-4.658790084017653,-1.170570747258639,-1.6973417668124728,-1.072108353106338,-1.632017831121284,-0.18993928812629568,0
2022-10-18 12:07:06.332000+00:00,1.3414359468639865,6.482374611564779,4.658841979960858,1.170585972293896,1.6973618619505584,1.0721213596331256,1.6320388821518907,0.18994172917454008,-1.3414359468639865,-6.482374611564779,-4.658841979960858,-1.170585972293896,-1.6973618619505584,-1.0721213596331256,-1.6320388821518907,-0.18994172917454008,0
2022-10-18 12:07:08.228000+00:00,1.3414526566428768,6.4824533174155095,4.658893875904064,1.170601197329153,1.6973819570886435,1.0721343661599134,1.6320599331824972,0.18994417022278445,-1.3414526566428768,-6.4824533174155095,-4.658893875904064,-1.170601197329153,-1.6973819570886435,-1.0721343661599134,-1.6320599331824972,-0.18994417022278445,0
2022-10-18 12:07:10.124000+00:00,1.3414693664217672,6.48253202326624,4.65894577184727,1.1706164223644102,1.697402052226729,1.0721473726867012,1.632080984213104,0.18994661127102883,-1.3414693664217672,-6.48253202326624,-4.65894577184727,-1.1706164223644102,-1.697402052226729,-1.0721473726867012,-1.632080984213104,-0.18994661127102883,0
2022-10-18 12:07:12.020000+00:00,1.3414860762006575,6.482610729116969,4.658997667790475,1.1706316473996672,1.6974221473648141,1.0721603792134888,1.6321020352437106,0.1899490523192732,-1.3414860762006575,-6.482610729116969,-4.658997667790475,-1.1706316473996672,-1.6974221473648141,-1.0721603792134888,-1.6321020352437106,-0.1899490523192732,0
2022-10-18 12:07:13.916000+00:00,1.3415027859795479,6.482689434967698,4.659049563733681,1.170646872434924,1.6974422425028994,1.0721733857402764,1.632123086274317,0.18995149336751754,-1.3415027859795479,-6.482689434967698,-4.659049563733681,-1.170646872434924,-1.6974422425028994,-1.0721733857402764,-1.632123086274317,-0.18995149336751754,0
2022-10-18 12:07:15.812000+00:00,1.3415194957584382,6.482768140818429,4.6591014596768865,1.1706620974701811,1.6974623376409848,1.0721863922670645,1.6321441373049237,0.18995393441576194,-1.2112294957584382,4.323771859181571,-2.8668014596768865,0.19723790252981876,4.006417662359015,-0.9947563922670645,6.464405862695077,-0.052613934415761954,0
2022-10-18 12:07:17.708000+00:00,1.3415362055373286,6.482846846669158,4.6591533556200915,1.170677322505438,1.69748243277907,1.072199398793852,1.6321651883355304,0.18995637546400632,15.64882379446267,6.168713153330842,-3.3939933556200916,3.6556826774945623,2.27716756722093,0.24408060120614783,-1.5248451883355303,-0.09185637546400631,0
2022-10-18 12:07:19.604000+00:00,1.3415529153162191,6.482925552519888,4.659205251563298,1.1706925475406953,1.6975025279171554,1.0722124053206399,1.632186239366137,0.18995881651225072,1.2643270846837809,-5.797635552519888,3.722454748436702,1.2037674524593047,-0.3554125279171554,4.94137759467936,-1.274456239366137,-0.09185881651225071,0
2022-10-18 12:07:21.500000+00:00,1.3415696250951095,6.4830042583706184,4.659257147506503,1.1707077725759523,1.6975226230552407,1.0722254118474277,1.6322072903967437,0.18996125756049506,-0.06468962509510945,28.41420574162938,22.5943028524935,-0.08671777257595226,1.5028473769447592,-1.0464154118474278,-0.2728472903967438,-0.07224125756049506,0
2022-10-18 12:07:23.396000+00:00,1.341586334874,6.483082964221348,4.659309043449709,1.1707229976112092,1.697542718193326,1.0722384183742153,1.6322283414273504,0.18996369860873946,2.384823665126,19.979757035778654,17.05919095655029,-0.6803429976112092,-0.665162718193326,-0.47861841837421526,6.440471658572649,-0.05262369860873947,0
2022-10-18 12:07:25.292000+00:00,1.3416030446528904,6.483161670072077,4.659360939392915,1.1707382226464662,1.6975628133314116,1.072251424901003,1.632249392457957,0.1899661396569838,-0.6901330446528904,4.903238329927923,1.5609890606070849,-0.9900682226464662,-1.3620428133314115,-0.5044414249010029,-0.785629392457957,-0.05262613965698382,0
2022-10-18 12:07:27.188000+00:00,1.3416197544317807,6.483240375922808,4.65941283533612,1.1707534476817232,1.6975829084694967,1.072264431427791,1.6322704434885638,0.1899685807052282,-0.3774397544317807,3.532569624077192,1.3500771646638805,1.9005665523182769,-0.22644290846949677,-0.34960443142779096,-0.21329044348856385,-0.05262858070522822,0
