sequence,reading_time,elapsed_wall_seconds,event_interval_s,requested_pause_s,observed_wall_interval_s
0,2022-10-18 11:59:54.044000+00:00,0.0954887910047546,,,
1,2022-10-18 11:59:55.940000+00:00,0.36947991605848074,1.896,0.0948,0.27399112505372614
2,2022-10-18 11:59:57.836000+00:00,0.6287294580833986,1.896,0.0948,0.2592495420249179
3,2022-10-18 11:59:59.732000+00:00,0.8799857910489663,1.896,0.0948,0.2512563329655677
4,2022-10-18 12:00:01.628000+00:00,1.1695427499944344,1.896,0.0948,0.28955695894546807
5,2022-10-18 12:00:03.524000+00:00,1.4515563329914585,1.896,0.0948,0.28201358299702406
6,2022-10-18 12:00:05.420000+00:00,1.710997833055444,1.896,0.0948,0.2594415000639856
7,2022-10-18 12:00:07.316000+00:00,1.9601636660518125,1.896,0.0948,0.2491658329963684
8,2022-10-18 12:00:09.212000+00:00,2.21843741601333,1.896,0.0948,0.25827374996151775
9,2022-10-18 12:00:11.108000+00:00,2.47293124999851,1.896,0.0948,0.25449383398517966
10,2022-10-18 12:00:13.004000+00:00,2.730089500080794,1.896,0.0948,0.2571582500822842
11,2022-10-18 12:00:14.900000+00:00,2.9852805000264198,1.896,0.0948,0.25519099994562566
12,2022-10-18 12:00:16.796000+00:00,3.243486291030422,1.896,0.0948,0.2582057910040021
13,2022-10-18 12:00:18.692000+00:00,3.5047462910879403,1.896,0.0948,0.2612600000575185
14,2022-10-18 12:00:20.588000+00:00,3.76582737499848,1.896,0.0948,0.26108108391053975
15,2022-10-18 12:00:22.484000+00:00,4.0110187500249594,1.896,0.0948,0.24519137502647936
16,2022-10-18 12:00:24.380000+00:00,4.2509050000226125,1.896,0.0948,0.23988624999765307
17,2022-10-18 12:00:26.276000+00:00,4.493558750022203,1.896,0.0948,0.24265374999959022
18,2022-10-18 12:00:28.172000+00:00,4.734953916049562,1.896,0.0948,0.24139516602735966
19,2022-10-18 12:00:30.068000+00:00,4.986083375057206,1.896,0.0948,0.25112945900764316
20,2022-10-18 12:00:31.964000+00:00,5.239514708053321,1.896,0.0948,0.2534313329961151
21,2022-10-18 12:00:33.860000+00:00,5.489655791083351,1.896,0.0948,0.25014108303003013
22,2022-10-18 12:00:35.756000+00:00,5.758797832997516,1.896,0.0948,0.269142041914165
23,2022-10-18 12:00:37.652000+00:00,6.013022000086494,1.896,0.0948,0.254224167088978
24,2022-10-18 12:00:39.548000+00:00,6.26448483299464,1.896,0.0948,0.2514628329081461
25,2022-10-18 12:00:41.444000+00:00,6.51880920806434,1.896,0.0948,0.2543243750697002
26,2022-10-18 12:00:43.340000+00:00,6.778001041035168,1.896,0.0948,0.2591918329708278
27,2022-10-18 12:00:45.236000+00:00,7.025318041094579,1.896,0.0948,0.24731700005941093
28,2022-10-18 12:00:47.132000+00:00,7.288486291072331,1.896,0.0948,0.26316824997775257
29,2022-10-18 12:00:49.028000+00:00,7.548690958064981,1.896,0.0948,0.26020466699264944
30,2022-10-18 12:00:50.924000+00:00,7.803080958081409,1.896,0.0948,0.25439000001642853
31,2022-10-18 12:00:52.820000+00:00,8.05578554107342,1.896,0.0948,0.2527045829920098
32,2022-10-18 12:00:54.716000+00:00,8.319608999998309,1.896,0.0948,0.26382345892488956
33,2022-10-18 12:00:56.612000+00:00,8.588757583056577,1.896,0.0948,0.26914858305826783
34,2022-10-18 12:00:58.508000+00:00,8.879205250064842,1.896,0.0948,0.29044766700826585
35,2022-10-18 12:01:00.404000+00:00,9.144546791096218,1.896,0.0948,0.2653415410313755
36,2022-10-18 12:01:02.300000+00:00,9.409673875081353,1.896,0.0948,0.26512708398513496
37,2022-10-18 12:01:04.196000+00:00,9.667824458098039,1.896,0.0948,0.25815058301668614
38,2022-10-18 12:01:06.092000+00:00,9.911029958049767,1.896,0.0948,0.2432054999517277
39,2022-10-18 12:01:07.988000+00:00,10.164516000077128,1.896,0.0948,0.2534860420273617
40,2022-10-18 12:01:09.884000+00:00,10.408656832994893,1.896,0.0948,0.24414083291776478
41,2022-10-18 12:01:11.780000+00:00,10.65886666602455,1.896,0.0948,0.2502098330296576
42,2022-10-18 12:01:13.676000+00:00,10.904500166070648,1.896,0.0948,0.24563350004609674
43,2022-10-18 12:01:15.572000+00:00,11.161488583078608,1.896,0.0948,0.2569884170079604
44,2022-10-18 12:01:17.468000+00:00,11.42262545810081,1.896,0.0948,0.26113687502220273
45,2022-10-18 12:01:19.364000+00:00,11.666023833095096,1.896,0.0948,0.2433983749942854
46,2022-10-18 12:01:21.260000+00:00,11.914897166076116,1.896,0.0948,0.2488733329810202
47,2022-10-18 12:01:23.156000+00:00,12.177518791053444,1.896,0.0948,0.2626216249773279
48,2022-10-18 12:01:25.052000+00:00,12.548862499999814,1.896,0.0948,0.3713437089463696
49,2022-10-18 12:01:26.948000+00:00,12.809055707999505,1.896,0.0948,0.26019320799969137
50,2022-10-18 12:01:28.844000+00:00,13.055423250072636,1.896,0.0948,0.2463675420731306
51,2022-10-18 12:01:30.740000+00:00,13.302492000046186,1.896,0.0948,0.24706874997355044
52,2022-10-18 12:01:32.636000+00:00,13.55497475003358,1.896,0.0948,0.2524827499873936
53,2022-10-18 12:01:34.532000+00:00,13.802948166034184,1.896,0.0948,0.24797341600060463
54,2022-10-18 12:01:36.428000+00:00,14.056456375052221,1.896,0.0948,0.2535082090180367
55,2022-10-18 12:01:38.324000+00:00,14.31124800001271,1.896,0.0948,0.25479162496048957
56,2022-10-18 12:01:40.220000+00:00,14.565794666064903,1.896,0.0948,0.25454666605219245
57,2022-10-18 12:01:42.116000+00:00,14.824014457990415,1.896,0.0948,0.25821979192551225
58,2022-10-18 12:01:44.012000+00:00,15.063259250018746,1.896,0.0948,0.23924479202833027
59,2022-10-18 12:01:45.908000+00:00,15.30846162501257,1.896,0.0948,0.24520237499382347
60,2022-10-18 12:01:47.804000+00:00,15.559937208076008,1.896,0.0948,0.25147558306343853
61,2022-10-18 12:01:49.700000+00:00,15.823188500013202,1.896,0.0948,0.26325129193719476
62,2022-10-18 12:01:51.596000+00:00,16.09653004107531,1.896,0.0948,0.2733415410621092
63,2022-10-18 12:01:53.492000+00:00,16.3445655410178,1.896,0.0948,0.24803549994248897
64,2022-10-18 12:01:55.388000+00:00,16.594005207996815,1.896,0.0948,0.24943966697901487
65,2022-10-18 12:01:57.284000+00:00,16.83929066604469,1.896,0.0948,0.24528545804787427
66,2022-10-18 12:01:59.180000+00:00,17.09035470802337,1.896,0.0948,0.2510640419786796
67,2022-10-18 12:02:01.076000+00:00,17.34470662509557,1.896,0.0948,0.2543519170721993
68,2022-10-18 12:02:02.972000+00:00,17.604058250086382,1.896,0.0948,0.25935162499081343
69,2022-10-18 12:02:04.868000+00:00,17.888270333060063,1.896,0.0948,0.2842120829736814
70,2022-10-18 12:02:06.764000+00:00,18.14237945806235,1.896,0.0948,0.25410912500228733
71,2022-10-18 12:02:08.660000+00:00,18.390808083000593,1.896,0.0948,0.24842862493824214
72,2022-10-18 12:02:10.556000+00:00,18.64512708305847,1.896,0.0948,0.2543190000578761
73,2022-10-18 12:02:12.452000+00:00,18.901402458082885,1.896,0.0948,0.25627537502441555
74,2022-10-18 12:02:14.348000+00:00,19.168636957998388,1.896,0.0948,0.26723449991550297
75,2022-10-18 12:02:16.244000+00:00,19.43688016606029,1.896,0.0948,0.2682432080619037
76,2022-10-18 12:02:18.140000+00:00,19.706120208022185,1.896,0.0948,0.26924004196189344
77,2022-10-18 12:02:20.036000+00:00,20.031405000016093,1.896,0.0948,0.3252847919939086
78,2022-10-18 12:02:21.932000+00:00,20.37556595809292,1.896,0.0948,0.34416095807682723
79,2022-10-18 12:02:23.828000+00:00,20.667821458075196,1.896,0.0948,0.29225549998227507
80,2022-10-18 12:02:25.724000+00:00,20.950389957986772,1.896,0.0948,0.2825684999115765
81,2022-10-18 12:02:27.620000+00:00,21.21060795802623,1.896,0.0948,0.2602180000394583
82,2022-10-18 12:02:29.516000+00:00,21.47781795798801,1.896,0.0948,0.2672099999617785
83,2022-10-18 12:02:31.412000+00:00,21.755278125056066,1.896,0.0948,0.27746016706805676
84,2022-10-18 12:02:33.308000+00:00,22.0413152910769,1.896,0.0948,0.28603716602083296
85,2022-10-18 12:02:35.204000+00:00,22.29487025004346,1.896,0.0948,0.25355495896656066
86,2022-10-18 12:02:37.100000+00:00,22.542799666058272,1.896,0.0948,0.2479294160148129
87,2022-10-18 12:02:38.996000+00:00,22.791973458020948,1.896,0.0948,0.24917379196267575
88,2022-10-18 12:02:40.892000+00:00,23.037373541039415,1.896,0.0948,0.24540008301846683
89,2022-10-18 12:02:42.788000+00:00,23.339821041096002,1.896,0.0948,0.30244750005658716
90,2022-10-18 12:02:44.684000+00:00,23.59510170808062,1.896,0.0948,0.2552806669846177
91,2022-10-18 12:02:46.580000+00:00,23.84479241608642,1.896,0.0948,0.24969070800580084
92,2022-10-18 12:02:48.476000+00:00,24.104598790989257,1.896,0.0948,0.259806374902837
93,2022-10-18 12:02:50.372000+00:00,24.356573625002056,1.896,0.0948,0.25197483401279896
94,2022-10-18 12:02:52.268000+00:00,24.6020500829909,1.896,0.0948,0.24547645798884332
95,2022-10-18 12:02:54.164000+00:00,24.850223583052866,1.896,0.0948,0.24817350006196648
96,2022-10-18 12:02:56.060000+00:00,25.109585583093576,1.896,0.0948,0.25936200004071
97,2022-10-18 12:02:57.956000+00:00,25.472481208038516,1.896,0.0948,0.3628956249449402
98,2022-10-18 12:02:59.852000+00:00,25.727017916040495,1.896,0.0948,0.2545367080019787
99,2022-10-18 12:03:01.748000+00:00,25.977221750072204,1.896,0.0948,0.25020383403170854
100,2022-10-18 12:03:03.644000+00:00,26.2234606660204,1.896,0.0948,0.24623891594819725
101,2022-10-18 12:03:05.540000+00:00,26.47003495809622,1.896,0.0948,0.24657429207582027
102,2022-10-18 12:03:07.436000+00:00,26.722127125016414,1.896,0.0948,0.25209216692019254
103,2022-10-18 12:03:09.332000+00:00,26.969359875074588,1.896,0.0948,0.24723275005817413
104,2022-10-18 12:03:11.228000+00:00,27.21971845801454,1.896,0.0948,0.2503585829399526
105,2022-10-18 12:03:13.124000+00:00,27.472987208049744,1.896,0.0948,0.253268750035204
106,2022-10-18 12:03:15.020000+00:00,27.731150458101183,1.896,0.0948,0.2581632500514388
107,2022-10-18 12:03:16.916000+00:00,27.98339933308307,1.896,0.0948,0.25224887498188764
108,2022-10-18 12:03:18.812000+00:00,28.23080725001637,1.896,0.0948,0.2474079169332981
109,2022-10-18 12:03:20.708000+00:00,28.487851291080005,1.896,0.0948,0.25704404106363654
110,2022-10-18 12:03:22.604000+00:00,28.742161541013047,1.896,0.0948,0.25431024993304163
111,2022-10-18 12:03:24.500000+00:00,28.985518083092757,1.896,0.0948,0.24335654207970947
112,2022-10-18 12:03:26.396000+00:00,29.237416499992833,1.896,0.0948,0.25189841690007597
113,2022-10-18 12:03:28.292000+00:00,29.493888791068457,1.896,0.0948,0.2564722910756245
114,2022-10-18 12:03:30.188000+00:00,29.74436225008685,1.896,0.0948,0.25047345901839435
115,2022-10-18 12:03:32.084000+00:00,30.009567375062034,1.896,0.0948,0.2652051249751821
116,2022-10-18 12:03:33.980000+00:00,30.275816333014518,1.896,0.0948,0.2662489579524845
117,2022-10-18 12:03:35.876000+00:00,30.544394208001904,1.896,0.0948,0.26857787498738617
118,2022-10-18 12:03:37.772000+00:00,30.808389333076775,1.896,0.0948,0.2639951250748709
119,2022-10-18 12:03:39.668000+00:00,31.07869662507437,1.896,0.0948,0.2703072919975966
120,2022-10-18 12:03:41.564000+00:00,31.34398870798759,1.896,0.0948,0.26529208291321993
121,2022-10-18 12:03:43.460000+00:00,31.612186000100337,1.896,0.0948,0.26819729211274534
122,2022-10-18 12:03:45.356000+00:00,31.86141004099045,1.896,0.0948,0.24922404089011252
123,2022-10-18 12:03:47.252000+00:00,32.1095060830703,1.896,0.0948,0.24809604207985103
124,2022-10-18 12:03:49.148000+00:00,32.3717721659923,1.896,0.0948,0.2622660829219967
125,2022-10-18 12:03:51.044000+00:00,32.624317041016184,1.896,0.0948,0.25254487502388656
126,2022-10-18 12:03:52.940000+00:00,32.88955716602504,1.896,0.0948,0.26524012500885874
127,2022-10-18 12:03:54.836000+00:00,33.15979554108344,1.896,0.0948,0.27023837505839765
128,2022-10-18 12:03:56.732000+00:00,33.428089958033524,1.896,0.0948,0.26829441695008427
129,2022-10-18 12:03:58.628000+00:00,33.69429958309047,1.896,0.0948,0.2662096250569448
130,2022-10-18 12:04:00.524000+00:00,33.96167987503577,1.896,0.0948,0.267380291945301
131,2022-10-18 12:04:02.420000+00:00,34.21890804101713,1.896,0.0948,0.2572281659813598
132,2022-10-18 12:04:04.316000+00:00,34.48200141603593,1.896,0.0948,0.2630933750187978
133,2022-10-18 12:04:06.212000+00:00,34.743826666031964,1.896,0.0948,0.2618252499960363
134,2022-10-18 12:04:08.108000+00:00,35.00461941608228,1.896,0.0948,0.26079275005031377
135,2022-10-18 12:04:10.004000+00:00,35.27457304100972,1.896,0.0948,0.2699536249274388
136,2022-10-18 12:04:11.900000+00:00,35.51802083302755,1.896,0.0948,0.2434477920178324
137,2022-10-18 12:04:13.796000+00:00,35.762293708045036,1.896,0.0948,0.2442728750174865
138,2022-10-18 12:04:15.692000+00:00,36.01053087506443,1.896,0.0948,0.24823716701939702
139,2022-10-18 12:04:17.588000+00:00,36.255865541053936,1.896,0.0948,0.24533466598950326
140,2022-10-18 12:04:19.484000+00:00,36.506205125013366,1.896,0.0948,0.25033958395943046
141,2022-10-18 12:04:21.380000+00:00,36.76637412502896,1.896,0.0948,0.26016900001559407
142,2022-10-18 12:04:23.276000+00:00,37.019475541077554,1.896,0.0948,0.2531014160485938
143,2022-10-18 12:04:25.172000+00:00,37.268105625058524,1.896,0.0948,0.24863008398097008
144,2022-10-18 12:04:27.068000+00:00,37.51207158307079,1.896,0.0948,0.24396595801226795
145,2022-10-18 12:04:28.964000+00:00,37.755194291006774,1.896,0.0948,0.24312270793598145
146,2022-10-18 12:04:30.860000+00:00,38.14379758306313,1.896,0.0948,0.38860329205635935
147,2022-10-18 12:04:32.756000+00:00,38.41007633309346,1.896,0.0948,0.26627875003032386
148,2022-10-18 12:04:34.652000+00:00,38.67638587509282,1.896,0.0948,0.2663095419993624
149,2022-10-18 12:04:36.548000+00:00,38.948104083072394,1.896,0.0948,0.2717182079795748
150,2022-10-18 12:04:38.444000+00:00,39.20963879104238,1.896,0.0948,0.2615347079699859
151,2022-10-18 12:04:40.340000+00:00,39.47033325000666,1.896,0.0948,0.2606944589642808
152,2022-10-18 12:04:42.236000+00:00,39.72726658300962,1.896,0.0948,0.25693333300296217
153,2022-10-18 12:04:44.132000+00:00,39.98471770808101,1.896,0.0948,0.257451125071384
154,2022-10-18 12:04:46.028000+00:00,40.25414370803628,1.896,0.0948,0.26942599995527416
155,2022-10-18 12:04:47.924000+00:00,40.513098416035064,1.896,0.0948,0.2589547079987824
156,2022-10-18 12:04:49.820000+00:00,40.77140462503303,1.896,0.0948,0.25830620899796486
157,2022-10-18 12:04:51.716000+00:00,41.02871137508191,1.896,0.0948,0.25730675004888326
158,2022-10-18 12:04:53.612000+00:00,41.29090583301149,1.896,0.0948,0.2621944579295814
159,2022-10-18 12:04:55.508000+00:00,41.555120458011515,1.896,0.0948,0.26421462500002235
160,2022-10-18 12:04:57.404000+00:00,41.814477875013836,1.896,0.0948,0.2593574170023203
161,2022-10-18 12:04:59.300000+00:00,42.0778365409933,1.896,0.0948,0.26335866597946733
162,2022-10-18 12:05:01.196000+00:00,42.34613658301532,1.896,0.0948,0.2683000420220196
163,2022-10-18 12:05:03.092000+00:00,42.615264958003536,1.896,0.0948,0.2691283749882132
164,2022-10-18 12:05:04.988000+00:00,42.87514012504835,1.896,0.0948,0.25987516704481095
165,2022-10-18 12:05:06.884000+00:00,43.13387637503911,1.896,0.0948,0.2587362499907613
166,2022-10-18 12:05:08.780000+00:00,43.402099541039206,1.896,0.0948,0.268223166000098
167,2022-10-18 12:05:10.676000+00:00,43.67637683299836,1.896,0.0948,0.2742772919591516
168,2022-10-18 12:05:12.572000+00:00,43.93663029104937,1.896,0.0948,0.26025345805101097
169,2022-10-18 12:05:14.468000+00:00,44.19095445808489,1.896,0.0948,0.2543241670355201
170,2022-10-18 12:05:16.364000+00:00,44.44812291604467,1.896,0.0948,0.2571684579597786
171,2022-10-18 12:05:18.260000+00:00,44.70432533300482,1.896,0.0948,0.25620241696015
172,2022-10-18 12:05:20.156000+00:00,44.953711415990256,1.896,0.0948,0.2493860829854384
173,2022-10-18 12:05:22.052000+00:00,45.21502312505618,1.896,0.0948,0.2613117090659216
174,2022-10-18 12:05:23.948000+00:00,45.47828037501313,1.896,0.0948,0.26325724995695055
175,2022-10-18 12:05:25.844000+00:00,45.74547916604206,1.896,0.0948,0.26719879102893174
176,2022-10-18 12:05:27.740000+00:00,45.99277500004973,1.896,0.0948,0.24729583400767297
177,2022-10-18 12:05:29.636000+00:00,46.23083450004924,1.896,0.0948,0.23805949999950826
178,2022-10-18 12:05:31.532000+00:00,46.483120708027855,1.896,0.0948,0.2522862079786137
179,2022-10-18 12:05:33.428000+00:00,46.7202445830917,1.896,0.0948,0.23712387506384403
180,2022-10-18 12:05:35.324000+00:00,46.95819383300841,1.896,0.0948,0.23794924991670996
181,2022-10-18 12:05:37.220000+00:00,47.20492595806718,1.896,0.0948,0.24673212505877018
182,2022-10-18 12:05:39.116000+00:00,47.45525404100772,1.896,0.0948,0.2503280829405412
183,2022-10-18 12:05:41.012000+00:00,47.728357000043616,1.896,0.0948,0.27310295903589576
184,2022-10-18 12:05:42.908000+00:00,47.978554833098315,1.896,0.0948,0.250197833054699
185,2022-10-18 12:05:44.804000+00:00,48.224807666032575,1.896,0.0948,0.24625283293426037
186,2022-10-18 12:05:46.700000+00:00,48.489247207995504,1.896,0.0948,0.26443954196292907
187,2022-10-18 12:05:48.596000+00:00,48.75325700000394,1.896,0.0948,0.2640097920084372
188,2022-10-18 12:05:50.492000+00:00,49.03289204102475,1.896,0.0948,0.2796350410208106
189,2022-10-18 12:05:52.388000+00:00,49.3031735830009,1.896,0.0948,0.2702815419761464
190,2022-10-18 12:05:54.284000+00:00,49.56945558299776,1.896,0.0948,0.2662819999968633
191,2022-10-18 12:05:56.180000+00:00,49.836657916079275,1.896,0.0948,0.26720233308151364
192,2022-10-18 12:05:58.076000+00:00,50.09289687499404,1.896,0.0948,0.2562389589147642
193,2022-10-18 12:05:59.972000+00:00,50.35915195802227,1.896,0.0948,0.2662550830282271
194,2022-10-18 12:06:01.868000+00:00,50.6172835000325,1.896,0.0948,0.2581315420102328
195,2022-10-18 12:06:03.764000+00:00,50.886790208052844,1.896,0.0948,0.2695067080203444
196,2022-10-18 12:06:05.660000+00:00,51.14999337506015,1.896,0.0948,0.26320316700730473
197,2022-10-18 12:06:07.556000+00:00,51.41721066599712,1.896,0.0948,0.2672172909369692
198,2022-10-18 12:06:09.452000+00:00,51.67248841607943,1.896,0.0948,0.255277750082314
199,2022-10-18 12:06:11.348000+00:00,51.940583916031756,1.896,0.0948,0.26809549995232373
200,2022-10-18 12:06:13.244000+00:00,52.349017333006486,1.896,0.0948,0.4084334169747308
201,2022-10-18 12:06:15.140000+00:00,52.602290375041775,1.896,0.0948,0.2532730420352891
202,2022-10-18 12:06:17.036000+00:00,52.84963583305944,1.896,0.0948,0.24734545801766217
203,2022-10-18 12:06:18.932000+00:00,53.108941333019175,1.896,0.0948,0.25930549995973706
204,2022-10-18 12:06:20.828000+00:00,53.37412012508139,1.896,0.0948,0.2651787920622155
205,2022-10-18 12:06:22.724000+00:00,53.628491625073366,1.896,0.0948,0.2543714999919757
206,2022-10-18 12:06:24.620000+00:00,53.877638458041474,1.896,0.0948,0.24914683296810836
207,2022-10-18 12:06:26.516000+00:00,54.13000716606621,1.896,0.0948,0.25236870802473277
208,2022-10-18 12:06:28.412000+00:00,54.39115345804021,1.896,0.0948,0.26114629197400063
209,2022-10-18 12:06:30.308000+00:00,54.644439583062194,1.896,0.0948,0.25328612502198666
210,2022-10-18 12:06:32.204000+00:00,54.88062820804771,1.896,0.0948,0.23618862498551607
211,2022-10-18 12:06:34.100000+00:00,55.14081262506079,1.896,0.0948,0.26018441701307893
212,2022-10-18 12:06:35.996000+00:00,55.3912642080104,1.896,0.0948,0.25045158294960856
213,2022-10-18 12:06:37.892000+00:00,55.65233083302155,1.896,0.0948,0.2610666250111535
214,2022-10-18 12:06:39.788000+00:00,55.920515791047364,1.896,0.0948,0.2681849580258131
215,2022-10-18 12:06:41.684000+00:00,56.17587020806968,1.896,0.0948,0.25535441702231765
216,2022-10-18 12:06:43.580000+00:00,56.42319362505805,1.896,0.0948,0.24732341698836535
217,2022-10-18 12:06:45.476000+00:00,56.67647250008304,1.896,0.0948,0.25327887502498925
218,2022-10-18 12:06:47.372000+00:00,56.93591458303854,1.896,0.0948,0.259442082955502
219,2022-10-18 12:06:49.268000+00:00,57.20710262504872,1.896,0.0948,0.27118804201018065
220,2022-10-18 12:06:51.164000+00:00,57.461374833015725,1.896,0.0948,0.25427220796700567
221,2022-10-18 12:06:53.060000+00:00,57.72669704107102,1.896,0.0948,0.26532220805529505
222,2022-10-18 12:06:54.956000+00:00,57.995735875098035,1.896,0.0948,0.2690388340270147
223,2022-10-18 12:06:56.852000+00:00,58.24807233305182,1.896,0.0948,0.25233645795378834
224,2022-10-18 12:06:58.748000+00:00,58.514181790989824,1.896,0.0948,0.26610945793800056
225,2022-10-18 12:07:00.644000+00:00,58.78405474999454,1.896,0.0948,0.2698729590047151
226,2022-10-18 12:07:02.540000+00:00,59.0216989160981,1.896,0.0948,0.2376441661035642
227,2022-10-18 12:07:04.436000+00:00,59.270191750023514,1.896,0.0948,0.2484928339254111
228,2022-10-18 12:07:06.332000+00:00,59.52530791598838,1.896,0.0948,0.2551161659648642
229,2022-10-18 12:07:08.228000+00:00,59.784622625098564,1.896,0.0948,0.2593147091101855
230,2022-10-18 12:07:10.124000+00:00,60.0449726250954,1.896,0.0948,0.2603499999968335
231,2022-10-18 12:07:12.020000+00:00,60.30603870807681,1.896,0.0948,0.2610660829814151
232,2022-10-18 12:07:13.916000+00:00,60.562151541002095,1.896,0.0948,0.2561128329252824
233,2022-10-18 12:07:15.812000+00:00,60.811498500057496,1.896,0.0948,0.24934695905540138
234,2022-10-18 12:07:17.708000+00:00,61.06794462504331,1.896,0.0948,0.2564461249858141
235,2022-10-18 12:07:19.604000+00:00,61.33000495808665,1.896,0.0948,0.26206033304333687
236,2022-10-18 12:07:21.500000+00:00,61.57735470798798,1.896,0.0948,0.24734974990133196
237,2022-10-18 12:07:23.396000+00:00,61.848792000091635,1.896,0.0948,0.27143729210365564
238,2022-10-18 12:07:25.292000+00:00,62.11487820802722,1.896,0.0948,0.26608620793558657
239,2022-10-18 12:07:27.188000+00:00,62.37726404098794,1.896,0.0948,0.2623858329607174
