dataset,axis,rows,alerts,errors
calibration,axis_1,7934,0,0
calibration,axis_2,7934,0,0
calibration,axis_3,7934,0,0
calibration,axis_4,7934,0,0
calibration,axis_5,7934,0,0
calibration,axis_6,7934,0,0
calibration,axis_7,7934,0,0
calibration,axis_8,7934,3,0
holdout,axis_1,7935,0,0
holdout,axis_2,7935,0,0
holdout,axis_3,7935,0,0
holdout,axis_4,7935,0,0
holdout,axis_5,7935,0,0
holdout,axis_6,7935,0,0
holdout,axis_7,7935,0,0
holdout,axis_8,7935,0,0
synthetic_normal,axis_1,23803,0,0
synthetic_normal,axis_2,23803,0,0
synthetic_normal,axis_3,23803,0,0
synthetic_normal,axis_4,23803,0,0
synthetic_normal,axis_5,23803,0,0
synthetic_normal,axis_6,23803,0,0
synthetic_normal,axis_7,23803,0,0
synthetic_normal,axis_8,23803,0,0
synthetic_stress,axis_1,23803,2,1
synthetic_stress,axis_2,23803,2,1
synthetic_stress,axis_3,23803,2,1
synthetic_stress,axis_4,23803,2,1
synthetic_stress,axis_5,23803,2,1
synthetic_stress,axis_6,23803,2,1
synthetic_stress,axis_7,23803,2,1
synthetic_stress,axis_8,23803,2,1
