axis,split,MAE_A,RMSE_A,R2
axis_1,fit,1.1857835978216889,2.2897837499668876,0.0028636832462346495
axis_2,fit,5.11269200796613,7.0285416739635975,0.006716987974688338
axis_3,fit,3.813640687264356,5.276958078801422,0.005188695908094121
axis_4,fit,0.9321765336385781,1.6367569833393671,0.004644557891716916
axis_5,fit,1.4152952980551443,2.180441235068216,0.0045595969743518205
axis_6,fit,0.9263126691085797,1.874306847902418,0.00259019764370072
axis_7,fit,1.4273642506183166,2.2459614260077143,0.004715279624930235
axis_8,fit,0.1526830098703806,0.43984361084494683,0.0016582627840684427
axis_1,calibration,1.2149663317150616,1.7014915956997154,-0.2696945901282639
axis_2,calibration,5.519529556739682,6.226108380005453,-0.6120639933738081
axis_3,calibration,3.999898000788746,4.503359150797717,-0.6238527183943274
axis_4,calibration,1.0030924257923282,1.2854913535809491,-0.3989781556819505
axis_5,calibration,1.477732639199728,1.749413042241889,-0.5033754317976666
axis_6,calibration,0.944632929081083,1.338368032153201,-0.29572605454444556
axis_7,calibration,1.4600626363387417,1.7640203421966543,-0.4227482431011309
axis_8,calibration,0.16798363237272196,0.3187156114638546,-0.13512068967541202
axis_1,holdout,1.4725856742873826,2.281062201642087,-0.019105555592042744
axis_2,holdout,6.203159207392047,7.671657864391139,-0.022482913013173178
axis_3,holdout,4.3449378899880555,5.6128791604478785,-0.019523485882163127
axis_4,holdout,1.1771989730036334,1.7455768826689995,-0.022550286101486128
axis_5,holdout,1.745106873249149,2.31965314802743,-0.018805926682445406
axis_6,holdout,1.197707538933707,2.09593083201118,-0.007524007181848313
axis_7,holdout,1.8472677220301574,2.4232987366420624,-0.02114436916057505
axis_8,holdout,0.2074868331111708,0.4704010774952905,-0.006867648513686486
