axis,split,mean_A,std_A,q95_A,q99_A,q995_A,skew,lag1_autocorrelation,upper_z3_count,lower_z_minus3_count,proportion_abs_z_le_1,proportion_abs_z_le_2,proportion_abs_z_le_3
axis_1,fit,-1.8627007818943096e-16,2.289831850120239,3.7818054197391673,11.147183259033804,14.151762925584952,4.916648088587564,0.13527797685096457,594,0,0.9199260597403689,0.9595429147586438,0.9750451623744906
axis_2,fit,-1.719416106363978e-16,7.028689318444156,13.94975861143787,27.84394332742785,35.609514672156,2.464938616842688,0.5155116776074165,513,0,0.8474562029996219,0.9504684283493677,0.9784480947779691
axis_3,fit,0.0,5.277068928785758,10.230120098848841,22.11963183499133,26.014788968387005,2.582297834702417,0.4827221443135269,615,0,0.894593118514473,0.95214888879553,0.9741629206402554
axis_4,fit,3.343309095707735e-17,1.6367913657398443,2.636589931873738,8.41670988501452,10.587685077567366,4.296230732490253,0.18498206165596984,539,0,0.9101793891526279,0.9610553291601899,0.9773557954879637
axis_5,fit,-7.64184936161768e-17,2.1804870383270534,4.151939025070619,9.131345420496721,11.611104677863612,3.3159669076914753,0.4939552496984442,519,0,0.8672016132420283,0.9555518211990085,0.9781960257110448
axis_6,fit,1.91046234040442e-17,1.8743462203745187,2.8572447992058536,10.085482218491146,12.479081932419273,5.008014875546339,0.19071195618480954,618,0,0.9353442843339075,0.9580305003570978,0.9740368861067933
axis_7,fit,9.5523117020221e-17,2.2460086056110344,6.934644538777287,7.311818536768183,7.3437371198456525,2.519265039989739,0.2880149580442368,1508,0,0.890896105532916,0.9135823215561064,0.9366466411796832
axis_8,fit,-1.1343370146151245e-17,0.4398528503834546,0.10245808620394826,2.9883753906481068,3.6956491617033196,6.946946528533826,0.20619695290433293,370,0,0.9620215939167331,0.9659706759652145,0.9844557408729993
axis_1,calibration,-0.7672834749328432,1.5187628017232997,0.5647326774300855,6.99023688099752,10.05794181097767,7.646186659725606,0.2191756589046094,82,0,0.9694983614822283,0.9837408621124275,0.9896647340559617
axis_2,calibration,-3.757045415780449,4.965092391400845,6.375350391716021,17.967008592460687,25.89698287571944,4.551361720619743,0.5942111357884972,64,0,0.965969246281825,0.9817242248550542,0.9919334509705067
axis_3,calibration,-2.739558835020792,3.574447006182384,3.292144914511198,14.684558125174295,20.141269773279962,4.454621875413685,0.5740458217412591,72,0,0.9645828081673808,0.98336274262667,0.99092513234182
axis_4,calibration,-0.6721142481594126,1.0958566598839032,0.8827765450276861,4.679823928398009,7.187075134227599,6.839910150896063,0.2881375695514755,76,0,0.9722712377111167,0.9852533400554575,0.9904209730274767
axis_5,calibration,-0.9924647195951716,1.4407364076380798,1.9122608173998814,5.534793264697655,7.943833519365713,5.410029760057979,0.5482074187424303,66,0,0.9526090244517268,0.984118981598185,0.991681371313335
axis_6,calibration,-0.6285427856042439,1.1816678680900379,0.1656928339751151,5.5469533513305,8.210763881471872,8.164501124431467,0.24586057591074859,78,0,0.97731283085455,0.9853793798840433,0.990168893370305
axis_7,calibration,-0.9412203064839544,1.4920297202967618,0.7659052303939321,6.84762954015049,6.860696034673897,4.528303533862629,0.3555800172646795,168,0,0.958406856566675,0.9672296445676833,0.97882530879758
axis_8,calibration,-0.10731662238413582,0.300123535364292,-0.026309111241786805,1.088916407059619,2.9626059683042505,10.953180503794698,0.22612633407352697,52,0,0.9853793798840433,0.9877741366271742,0.9934459289135367
axis_1,holdout,-0.3309257149239254,2.257072208013918,3.7038111556603046,10.124882453343758,12.44412014504481,4.416197942951559,0.13642866245772084,185,0,0.9172022684310019,0.9623188405797102,0.9766855702583491
axis_2,holdout,-1.2606522551522097,7.567846983258639,13.937810009141666,27.910819562304205,34.33987705039339,2.212410222497078,0.48826985238585013,185,0,0.9005671077504726,0.9508506616257089,0.9766855702583491
axis_3,holdout,-0.8528747123549666,5.548053381573318,10.161758505887526,21.944399165733216,25.272175768870017,2.3979510859110174,0.4556717991086033,216,0,0.9047258979206049,0.9531190926275992,0.9727788279773157
axis_4,holdout,-0.27540630526443877,1.7238226441864226,2.686928947054059,8.203396550693627,10.48027605494649,3.92288785911119,0.1827659245898033,189,0,0.9175803402646503,0.9589161940768746,0.9761814744801512
axis_5,holdout,-0.34029713196807226,2.294700892793471,3.9774777770355336,9.182134904609217,11.505104864370702,2.8881814270529134,0.47332663728530333,174,0,0.8606175173282924,0.9577819785759294,0.9780718336483932
axis_6,holdout,-0.1935472086599126,2.087106727679234,3.800315833286395,10.698769054826126,12.840301461423572,4.496993916149372,0.1684235667491365,243,0,0.9295526149968494,0.9498424700693132,0.9693761814744801
axis_7,holdout,-0.37351674829190085,2.394490462436836,6.544090227873909,6.624348263939459,6.6348638654466985,2.25874439444681,0.2634496096941789,0,0,0.8843100189035917,0.899306868304978,1.0
axis_8,holdout,-0.04203414303438583,0.4685487931573942,0.057162446236623164,2.971611125461488,3.5695409397258504,6.2938439344453965,0.2304248319677907,137,0,0.9545053560176433,0.9594202898550724,0.9827347195967234
