axis,alert_quantile,error_quantile,T_s,stress_alerts,stress_errors
axis_1,0.95,0.99,2,102,1
axis_2,0.95,0.99,2,50,3
axis_3,0.95,0.99,2,118,1
axis_4,0.95,0.99,2,63,1
axis_5,0.95,0.99,2,357,5
axis_6,0.95,0.99,2,82,1
axis_7,0.95,0.99,2,90,1
axis_8,0.95,0.99,2,46,3
axis_1,0.95,0.99,6,2,1
axis_2,0.95,0.99,6,2,1
axis_3,0.95,0.99,6,9,1
axis_4,0.95,0.99,6,2,1
axis_5,0.95,0.99,6,79,4
axis_6,0.95,0.99,6,2,1
axis_7,0.95,0.99,6,9,1
axis_8,0.95,0.99,6,22,2
axis_1,0.95,0.99,10,2,1
axis_2,0.95,0.99,10,2,1
axis_3,0.95,0.99,10,3,1
axis_4,0.95,0.99,10,2,1
axis_5,0.95,0.99,10,7,4
axis_6,0.95,0.99,10,2,1
axis_7,0.95,0.99,10,2,1
axis_8,0.95,0.99,10,12,2
axis_1,0.95,0.99,19,2,1
axis_2,0.95,0.99,19,2,1
axis_3,0.95,0.99,19,2,1
axis_4,0.95,0.99,19,2,1
axis_5,0.95,0.99,19,2,2
axis_6,0.95,0.99,19,2,1
axis_7,0.95,0.99,19,2,1
axis_8,0.95,0.99,19,2,2
axis_1,0.975,0.995,2,18,1
axis_2,0.975,0.995,2,23,1
axis_3,0.975,0.995,2,25,1
axis_4,0.975,0.995,2,17,1
axis_5,0.975,0.995,2,22,1
axis_6,0.975,0.995,2,4,1
axis_7,0.975,0.995,2,11,1
axis_8,0.975,0.995,2,7,1
axis_1,0.975,0.995,6,2,1
axis_2,0.975,0.995,6,2,1
axis_3,0.975,0.995,6,3,1
axis_4,0.975,0.995,6,2,1
axis_5,0.975,0.995,6,2,1
axis_6,0.975,0.995,6,2,1
axis_7,0.975,0.995,6,3,1
axis_8,0.975,0.995,6,3,1
axis_1,0.975,0.995,10,2,1
axis_2,0.975,0.995,10,2,1
axis_3,0.975,0.995,10,2,1
axis_4,0.975,0.995,10,2,1
axis_5,0.975,0.995,10,2,1
axis_6,0.975,0.995,10,2,1
axis_7,0.975,0.995,10,2,1
axis_8,0.975,0.995,10,2,1
axis_1,0.975,0.995,19,2,1
axis_2,0.975,0.995,19,2,1
axis_3,0.975,0.995,19,2,1
axis_4,0.975,0.995,19,2,1
axis_5,0.975,0.995,19,2,1
axis_6,0.975,0.995,19,2,1
axis_7,0.975,0.995,19,2,1
axis_8,0.975,0.995,19,2,1
axis_1,0.99,0.999,2,1,0
axis_2,0.99,0.999,2,3,0
axis_3,0.99,0.999,2,1,0
axis_4,0.99,0.999,2,1,0
axis_5,0.99,0.999,2,5,0
axis_6,0.99,0.999,2,1,0
axis_7,0.99,0.999,2,1,1
axis_8,0.99,0.999,2,3,0
axis_1,0.99,0.999,6,1,0
axis_2,0.99,0.999,6,1,0
axis_3,0.99,0.999,6,1,0
axis_4,0.99,0.999,6,1,0
axis_5,0.99,0.999,6,4,0
axis_6,0.99,0.999,6,1,0
axis_7,0.99,0.999,6,1,1
axis_8,0.99,0.999,6,2,0
axis_1,0.99,0.999,10,1,0
axis_2,0.99,0.999,10,1,0
axis_3,0.99,0.999,10,1,0
axis_4,0.99,0.999,10,1,0
axis_5,0.99,0.999,10,4,0
axis_6,0.99,0.999,10,1,0
axis_7,0.99,0.999,10,1,1
axis_8,0.99,0.999,10,2,0
axis_1,0.99,0.999,19,1,0
axis_2,0.99,0.999,19,1,0
axis_3,0.99,0.999,19,1,0
axis_4,0.99,0.999,19,1,0
axis_5,0.99,0.999,19,2,0
axis_6,0.99,0.999,19,1,0
axis_7,0.99,0.999,19,1,1
axis_8,0.99,0.999,19,2,0
