event_id,axis,severity,start_time,trigger_time,end_time,duration_s,detection_delay_s,threshold_A,peak_residual_A,sample_count,end_reason,right_censored
1071,axis_1,Alert,2022-10-18 12:00:13.004000+00:00,2022-10-18 12:00:33.860000+00:00,2022-10-18 12:01:30.740000+00:00,77.736,20.856,2.8681207210912967,6.7504891347817555,42,below_threshold,False
1083,axis_1,Alert,2022-10-18 12:02:01.076000+00:00,2022-10-18 12:02:21.932000+00:00,2022-10-18 12:03:18.812000+00:00,77.736,20.856,2.8681207210912967,12.852376989547608,42,below_threshold,False
1084,axis_1,Error,2022-10-18 12:02:01.076000+00:00,2022-10-18 12:02:21.932000+00:00,2022-10-18 12:03:18.812000+00:00,77.736,20.856,10.05794181097767,12.852376989547608,42,below_threshold,False
2129,axis_2,Alert,2022-10-18 13:07:54.236000+00:00,2022-10-18 13:08:15.092000+00:00,2022-10-18 13:09:11.972000+00:00,77.736,20.856,9.658223946706034,18.420670498853752,42,below_threshold,False
2135,axis_2,Alert,2022-10-18 13:09:42.308000+00:00,2022-10-18 13:10:03.164000+00:00,2022-10-18 13:11:00.044000+00:00,77.736,20.856,9.658223946706034,33.002630181061434,42,below_threshold,False
2136,axis_2,Error,2022-10-18 13:09:42.308000+00:00,2022-10-18 13:10:03.164000+00:00,2022-10-18 13:11:00.044000+00:00,77.736,20.856,25.89698287571944,33.002630181061434,42,below_threshold,False
3156,axis_3,Alert,2022-10-18 14:15:35.468000+00:00,2022-10-18 14:15:56.324000+00:00,2022-10-18 14:16:53.204000+00:00,77.736,20.856,7.1590438463910875,14.160352709666274,42,below_threshold,False
3187,axis_3,Alert,2022-10-18 14:17:23.540000+00:00,2022-10-18 14:17:44.396000+00:00,2022-10-18 14:18:41.276000+00:00,77.736,20.856,7.1590438463910875,25.669486414004865,42,below_threshold,False
3188,axis_3,Error,2022-10-18 14:17:23.540000+00:00,2022-10-18 14:17:44.396000+00:00,2022-10-18 14:18:41.276000+00:00,77.736,20.856,20.141269773279962,25.669486414004865,42,below_threshold,False
4126,axis_4,Alert,2022-10-18 15:23:18.596000+00:00,2022-10-18 15:23:39.452000+00:00,2022-10-18 15:24:36.332000+00:00,77.736,20.856,1.7857150537302113,4.67831347520485,42,below_threshold,False
4165,axis_4,Alert,2022-10-18 15:25:06.668000+00:00,2022-10-18 15:25:27.524000+00:00,2022-10-18 15:26:24.404000+00:00,77.736,20.856,1.7857150537302113,9.182223369768996,42,below_threshold,False
4166,axis_4,Error,2022-10-18 15:25:06.668000+00:00,2022-10-18 15:25:27.524000+00:00,2022-10-18 15:26:24.404000+00:00,77.736,20.856,7.187075134227599,9.182223369768996,42,below_threshold,False
5107,axis_5,Alert,2022-10-18 16:30:59.828000+00:00,2022-10-18 16:31:20.684000+00:00,2022-10-18 16:32:17.564000+00:00,77.736,20.856,3.4565052326674874,5.868868466547061,42,below_threshold,False
5127,axis_5,Alert,2022-10-18 16:32:47.900000+00:00,2022-10-18 16:33:08.756000+00:00,2022-10-18 16:34:05.636000+00:00,77.736,20.856,3.4565052326674874,10.107689444283498,42,below_threshold,False
5128,axis_5,Error,2022-10-18 16:32:47.900000+00:00,2022-10-18 16:33:08.756000+00:00,2022-10-18 16:34:05.636000+00:00,77.736,20.856,7.943833519365713,10.107689444283498,42,below_threshold,False
5928,axis_6,Alert,2022-10-18 17:38:41.060000+00:00,2022-10-18 17:39:01.916000+00:00,2022-10-18 17:39:58.796000+00:00,77.736,20.856,1.6403271165974098,5.18473549074006,42,below_threshold,False
5956,axis_6,Alert,2022-10-18 17:40:29.132000+00:00,2022-10-18 17:40:49.988000+00:00,2022-10-18 17:41:46.868000+00:00,77.736,20.856,1.6403271165974098,10.519409938143717,42,below_threshold,False
5957,axis_6,Error,2022-10-18 17:40:29.132000+00:00,2022-10-18 17:40:49.988000+00:00,2022-10-18 17:41:46.868000+00:00,77.736,20.856,8.210763881471872,10.519409938143717,42,below_threshold,False
6746,axis_7,Alert,2022-10-18 18:46:22.292000+00:00,2022-10-18 18:46:43.148000+00:00,2022-10-18 18:47:40.028000+00:00,77.736,20.856,6.26705186800665,6.587186237991753,42,below_threshold,False
6765,axis_7,Alert,2022-10-18 18:48:10.364000+00:00,2022-10-18 18:48:31.220000+00:00,2022-10-18 18:49:28.100000+00:00,77.736,20.856,6.26705186800665,8.599188397990593,42,below_threshold,False
6766,axis_7,Error,2022-10-18 18:48:10.364000+00:00,2022-10-18 18:48:31.220000+00:00,2022-10-18 18:49:28.100000+00:00,77.736,20.856,6.860696034673897,8.599188397990593,42,below_threshold,False
7565,axis_8,Alert,2022-10-18 19:54:05.420000+00:00,2022-10-18 19:54:26.276000+00:00,2022-10-18 19:55:23.156000+00:00,77.736,20.856,0.048094081725545794,1.6215174514509012,42,below_threshold,False
7587,axis_8,Alert,2022-10-18 19:55:53.492000+00:00,2022-10-18 19:56:14.348000+00:00,2022-10-18 19:57:11.228000+00:00,77.736,20.856,0.048094081725545794,3.815351328762743,42,below_threshold,False
7588,axis_8,Error,2022-10-18 19:55:53.492000+00:00,2022-10-18 19:56:14.348000+00:00,2022-10-18 19:57:11.228000+00:00,77.736,20.856,2.9626059683042505,3.815351328762743,42,below_threshold,False
