axis,alert_quantile,error_quantile,T_s,MinC_A,MaxC_A,calibration_alerts,calibration_errors,alert_events_per_hour,error_events_per_hour,exposure_hours
axis_1,0.95,0.99,2,0.5647326774300855,6.99023688099752,30,0,7.451123218879711,0.0,4.026238611111111
axis_2,0.95,0.99,2,6.375350391716021,17.967008592460687,48,0,11.921797150207537,0.0,4.026238611111111
axis_3,0.95,0.99,2,3.292144914511198,14.684558125174295,33,1,8.196235540767683,0.24837077396265703,4.026238611111111
axis_4,0.95,0.99,2,0.8827765450276861,4.679823928398009,19,0,4.719044705290484,0.0,4.026238611111111
axis_5,0.95,0.99,2,1.9122608173998814,5.534793264697655,64,0,15.89572953361005,0.0,4.026238611111111
axis_6,0.95,0.99,2,0.1656928339751151,5.5469533513305,26,0,6.4576401230290825,0.0,4.026238611111111
axis_7,0.95,0.99,2,0.7659052303939321,6.84762954015049,23,1,5.712527801141111,0.24837077396265703,4.026238611111111
axis_8,0.95,0.99,2,1e-06,1.088916407059619,35,0,8.692977088692997,0.0,4.026238611111111
axis_1,0.95,0.99,6,0.5647326774300855,6.99023688099752,0,0,0.0,0.0,4.026238611111111
axis_2,0.95,0.99,6,6.375350391716021,17.967008592460687,2,0,0.49674154792531405,0.0,4.026238611111111
axis_3,0.95,0.99,6,3.292144914511198,14.684558125174295,1,0,0.24837077396265703,0.0,4.026238611111111
axis_4,0.95,0.99,6,0.8827765450276861,4.679823928398009,0,0,0.0,0.0,4.026238611111111
axis_5,0.95,0.99,6,1.9122608173998814,5.534793264697655,26,0,6.4576401230290825,0.0,4.026238611111111
axis_6,0.95,0.99,6,0.1656928339751151,5.5469533513305,1,0,0.24837077396265703,0.0,4.026238611111111
axis_7,0.95,0.99,6,0.7659052303939321,6.84762954015049,2,0,0.49674154792531405,0.0,4.026238611111111
axis_8,0.95,0.99,6,1e-06,1.088916407059619,9,0,2.2353369656639135,0.0,4.026238611111111
axis_1,0.95,0.99,10,0.5647326774300855,6.99023688099752,0,0,0.0,0.0,4.026238611111111
axis_2,0.95,0.99,10,6.375350391716021,17.967008592460687,0,0,0.0,0.0,4.026238611111111
axis_3,0.95,0.99,10,3.292144914511198,14.684558125174295,0,0,0.0,0.0,4.026238611111111
axis_4,0.95,0.99,10,0.8827765450276861,4.679823928398009,0,0,0.0,0.0,4.026238611111111
axis_5,0.95,0.99,10,1.9122608173998814,5.534793264697655,1,0,0.24837077396265703,0.0,4.026238611111111
axis_6,0.95,0.99,10,0.1656928339751151,5.5469533513305,0,0,0.0,0.0,4.026238611111111
axis_7,0.95,0.99,10,0.7659052303939321,6.84762954015049,0,0,0.0,0.0,4.026238611111111
axis_8,0.95,0.99,10,1e-06,1.088916407059619,8,0,1.9869661917012562,0.0,4.026238611111111
axis_1,0.95,0.99,19,0.5647326774300855,6.99023688099752,0,0,0.0,0.0,4.026238611111111
axis_2,0.95,0.99,19,6.375350391716021,17.967008592460687,0,0,0.0,0.0,4.026238611111111
axis_3,0.95,0.99,19,3.292144914511198,14.684558125174295,0,0,0.0,0.0,4.026238611111111
axis_4,0.95,0.99,19,0.8827765450276861,4.679823928398009,0,0,0.0,0.0,4.026238611111111
axis_5,0.95,0.99,19,1.9122608173998814,5.534793264697655,0,0,0.0,0.0,4.026238611111111
axis_6,0.95,0.99,19,0.1656928339751151,5.5469533513305,0,0,0.0,0.0,4.026238611111111
axis_7,0.95,0.99,19,0.7659052303939321,6.84762954015049,0,0,0.0,0.0,4.026238611111111
axis_8,0.95,0.99,19,1e-06,1.088916407059619,5,0,1.241853869813285,0.0,4.026238611111111
axis_1,0.975,0.995,2,2.8681207210912967,10.05794181097767,5,0,1.241853869813285,0.0,4.026238611111111
axis_2,0.975,0.995,2,9.658223946706034,25.89698287571944,6,0,1.490224643775942,0.0,4.026238611111111
axis_3,0.975,0.995,2,7.1590438463910875,20.141269773279962,7,0,1.7385954177385992,0.0,4.026238611111111
axis_4,0.975,0.995,2,1.7857150537302113,7.187075134227599,4,0,0.9934830958506281,0.0,4.026238611111111
axis_5,0.975,0.995,2,3.4565052326674874,7.943833519365713,11,0,2.732078513589227,0.0,4.026238611111111
axis_6,0.975,0.995,2,1.6403271165974098,8.210763881471872,4,0,0.9934830958506281,0.0,4.026238611111111
axis_7,0.975,0.995,2,6.26705186800665,6.860696034673897,3,1,0.745112321887971,0.24837077396265703,4.026238611111111
axis_8,0.975,0.995,2,0.048094081725545794,2.9626059683042505,14,0,3.4771908354771983,0.0,4.026238611111111
axis_1,0.975,0.995,6,2.8681207210912967,10.05794181097767,0,0,0.0,0.0,4.026238611111111
axis_2,0.975,0.995,6,9.658223946706034,25.89698287571944,0,0,0.0,0.0,4.026238611111111
axis_3,0.975,0.995,6,7.1590438463910875,20.141269773279962,0,0,0.0,0.0,4.026238611111111
axis_4,0.975,0.995,6,1.7857150537302113,7.187075134227599,0,0,0.0,0.0,4.026238611111111
axis_5,0.975,0.995,6,3.4565052326674874,7.943833519365713,0,0,0.0,0.0,4.026238611111111
axis_6,0.975,0.995,6,1.6403271165974098,8.210763881471872,0,0,0.0,0.0,4.026238611111111
axis_7,0.975,0.995,6,6.26705186800665,6.860696034673897,0,0,0.0,0.0,4.026238611111111
axis_8,0.975,0.995,6,0.048094081725545794,2.9626059683042505,7,0,1.7385954177385992,0.0,4.026238611111111
axis_1,0.975,0.995,10,2.8681207210912967,10.05794181097767,0,0,0.0,0.0,4.026238611111111
axis_2,0.975,0.995,10,9.658223946706034,25.89698287571944,0,0,0.0,0.0,4.026238611111111
axis_3,0.975,0.995,10,7.1590438463910875,20.141269773279962,0,0,0.0,0.0,4.026238611111111
axis_4,0.975,0.995,10,1.7857150537302113,7.187075134227599,0,0,0.0,0.0,4.026238611111111
axis_5,0.975,0.995,10,3.4565052326674874,7.943833519365713,0,0,0.0,0.0,4.026238611111111
axis_6,0.975,0.995,10,1.6403271165974098,8.210763881471872,0,0,0.0,0.0,4.026238611111111
axis_7,0.975,0.995,10,6.26705186800665,6.860696034673897,0,0,0.0,0.0,4.026238611111111
axis_8,0.975,0.995,10,0.048094081725545794,2.9626059683042505,5,0,1.241853869813285,0.0,4.026238611111111
axis_1,0.975,0.995,19,2.8681207210912967,10.05794181097767,0,0,0.0,0.0,4.026238611111111
axis_2,0.975,0.995,19,9.658223946706034,25.89698287571944,0,0,0.0,0.0,4.026238611111111
axis_3,0.975,0.995,19,7.1590438463910875,20.141269773279962,0,0,0.0,0.0,4.026238611111111
axis_4,0.975,0.995,19,1.7857150537302113,7.187075134227599,0,0,0.0,0.0,4.026238611111111
axis_5,0.975,0.995,19,3.4565052326674874,7.943833519365713,0,0,0.0,0.0,4.026238611111111
axis_6,0.975,0.995,19,1.6403271165974098,8.210763881471872,0,0,0.0,0.0,4.026238611111111
axis_7,0.975,0.995,19,6.26705186800665,6.860696034673897,0,0,0.0,0.0,4.026238611111111
axis_8,0.975,0.995,19,0.048094081725545794,2.9626059683042505,3,0,0.745112321887971,0.0,4.026238611111111
axis_1,0.99,0.999,2,6.99023688099752,17.493835961567203,0,0,0.0,0.0,4.026238611111111
axis_2,0.99,0.999,2,17.967008592460687,41.2961560644934,0,0,0.0,0.0,4.026238611111111
axis_3,0.99,0.999,2,14.684558125174295,26.98940888593301,1,0,0.24837077396265703,0.0,4.026238611111111
axis_4,0.99,0.999,2,4.679823928398009,11.466051222479614,0,0,0.0,0.0,4.026238611111111
axis_5,0.99,0.999,2,5.534793264697655,12.777534880480351,0,0,0.0,0.0,4.026238611111111
axis_6,0.99,0.999,2,5.5469533513305,13.228238369246894,0,0,0.0,0.0,4.026238611111111
axis_7,0.99,0.999,2,6.84762954015049,6.872516140130569,1,0,0.24837077396265703,0.0,4.026238611111111
axis_8,0.99,0.999,2,1.088916407059619,3.8757661414829787,0,0,0.0,0.0,4.026238611111111
axis_1,0.99,0.999,6,6.99023688099752,17.493835961567203,0,0,0.0,0.0,4.026238611111111
axis_2,0.99,0.999,6,17.967008592460687,41.2961560644934,0,0,0.0,0.0,4.026238611111111
axis_3,0.99,0.999,6,14.684558125174295,26.98940888593301,0,0,0.0,0.0,4.026238611111111
axis_4,0.99,0.999,6,4.679823928398009,11.466051222479614,0,0,0.0,0.0,4.026238611111111
axis_5,0.99,0.999,6,5.534793264697655,12.777534880480351,0,0,0.0,0.0,4.026238611111111
axis_6,0.99,0.999,6,5.5469533513305,13.228238369246894,0,0,0.0,0.0,4.026238611111111
axis_7,0.99,0.999,6,6.84762954015049,6.872516140130569,0,0,0.0,0.0,4.026238611111111
axis_8,0.99,0.999,6,1.088916407059619,3.8757661414829787,0,0,0.0,0.0,4.026238611111111
axis_1,0.99,0.999,10,6.99023688099752,17.493835961567203,0,0,0.0,0.0,4.026238611111111
axis_2,0.99,0.999,10,17.967008592460687,41.2961560644934,0,0,0.0,0.0,4.026238611111111
axis_3,0.99,0.999,10,14.684558125174295,26.98940888593301,0,0,0.0,0.0,4.026238611111111
axis_4,0.99,0.999,10,4.679823928398009,11.466051222479614,0,0,0.0,0.0,4.026238611111111
axis_5,0.99,0.999,10,5.534793264697655,12.777534880480351,0,0,0.0,0.0,4.026238611111111
axis_6,0.99,0.999,10,5.5469533513305,13.228238369246894,0,0,0.0,0.0,4.026238611111111
axis_7,0.99,0.999,10,6.84762954015049,6.872516140130569,0,0,0.0,0.0,4.026238611111111
axis_8,0.99,0.999,10,1.088916407059619,3.8757661414829787,0,0,0.0,0.0,4.026238611111111
axis_1,0.99,0.999,19,6.99023688099752,17.493835961567203,0,0,0.0,0.0,4.026238611111111
axis_2,0.99,0.999,19,17.967008592460687,41.2961560644934,0,0,0.0,0.0,4.026238611111111
axis_3,0.99,0.999,19,14.684558125174295,26.98940888593301,0,0,0.0,0.0,4.026238611111111
axis_4,0.99,0.999,19,4.679823928398009,11.466051222479614,0,0,0.0,0.0,4.026238611111111
axis_5,0.99,0.999,19,5.534793264697655,12.777534880480351,0,0,0.0,0.0,4.026238611111111
axis_6,0.99,0.999,19,5.5469533513305,13.228238369246894,0,0,0.0,0.0,4.026238611111111
axis_7,0.99,0.999,19,6.84762954015049,6.872516140130569,0,0,0.0,0.0,4.026238611111111
axis_8,0.99,0.999,19,1.088916407059619,3.8757661414829787,0,0,0.0,0.0,4.026238611111111
